timestamp,model,prompt_id,repetition,temperature,ttft_ms,total_latency_ms,output_tokens,tokens_per_second,python_memory_before_mb,python_memory_after_mb,ollama_memory_before_mb,ollama_memory_after_mb
2026-09-28T17:11:24.544638,llama3.2:3b,1,1,0.0,4598.699333029799,34614.434374962,251,8.36228063878333,43.59375,11.421875,0.0,2380.484375
2026-09-28T17:11:55.382536,llama3.2:3b,1,2,0.0,194.08129202201962,30666.070292005315,251,8.237073070620287,14.15625,10.8125,2380.5,2382.328125
2026-09-28T17:12:19.756151,llama3.2:3b,1,3,0.0,139.4715829519555,24278.422332950868,251,10.398132155765358,13.421875,10.28125,2382.34375,2382.390625
2026-09-28T17:13:27.347354,llama3.2:3b,2,1,0.0,400.8824999909848,67391.44325000234,592,8.837065899614815,13.171875,10.59375,2382.375,2382.859375
2026-09-28T17:14:20.112197,llama3.2:3b,2,2,0.0,144.88149993121624,52627.03370896634,592,11.280025210133886,13.421875,10.828125,2382.875,2383.421875
2026-09-28T17:15:10.207415,llama3.2:3b,2,3,0.0,170.51129194442183,49974.71824998502,592,11.886546060230462,13.609375,11.46875,2383.375,2383.8125
2026-09-28T17:16:03.315590,llama3.2:3b,3,1,0.0,255.28849998954684,52874.525082996115,601,11.421678439821635,13.84375,10.4375,2383.828125,2382.046875
2026-09-28T17:16:59.948189,llama3.2:3b,3,2,0.0,138.11495795380324,56512.044374947436,601,10.660956335941195,13.28125,10.40625,2382.0625,2382.921875
2026-09-28T17:17:54.003370,llama3.2:3b,3,3,0.0,129.1864999802783,53945.75341697782,601,11.167564830490495,13.640625,10.65625,2382.9375,2384.5
2026-09-28T17:18:36.044910,llama3.2:3b,4,1,0.0,293.7034589704126,41933.241500053555,531,12.752302858790012,13.328125,11.6875,2384.328125,2385.125
2026-09-28T17:19:17.828541,llama3.2:3b,4,2,0.0,92.63137506786734,41680.12583302334,531,12.768261394944952,13.90625,11.65625,2385.125,2385.625
2026-09-28T17:19:58.768914,llama3.2:3b,4,3,0.0,79.93033295497298,40834.12891603075,531,13.02933239915338,13.9375,11.796875,2385.625,2387.046875
2026-09-28T17:20:31.016170,llama3.2:3b,5,1,0.0,235.24175002239645,32128.147165989503,413,12.949588462179822,13.984375,11.6875,2387.046875,2385.796875
2026-09-28T17:21:03.127936,llama3.2:3b,5,2,0.0,95.2679580077529,31987.779290997423,413,12.949748475053203,13.8125,11.4375,2385.65625,2383.21875
2026-09-28T17:21:39.289809,llama3.2:3b,5,3,0.0,82.16200000606477,36057.06295801792,413,11.480226185529554,13.78125,10.53125,2383.234375,2381.78125
