timestamp,model,phase,run,ttft_ms,latency_ms,tokens,tokens_per_second,model_memory_mb
2026-09-28T17:30:25.503915,llama3.2:3b,cold,1,4182.542749913409,33228.12741599046,341,11.740166497604061,2358.640625
2026-09-28T17:30:25.505025,llama3.2:3b,warm,1,97.81224990729243,24646.449416992255,313,12.750198630972202,2358.390625
2026-09-28T17:30:25.505037,llama3.2:3b,warm,2,97.9731660336256,24191.763541079126,313,12.990899112502506,2359.265625
2026-09-28T17:30:25.505046,llama3.2:3b,warm,3,88.43891602009535,27758.42662504874,313,11.311895158445225,2355.71875
2026-09-28T17:30:25.505054,llama3.2:3b,warm,4,147.56958303041756,40324.58508305717,313,7.790523912852401,2354.0625
2026-09-28T17:30:25.505062,llama3.2:3b,warm,5,142.9639169946313,32579.142041970044,313,9.64971886620003,2354.4375
2026-09-28T17:30:25.505070,llama3.2:3b,warm,6,120.57579203974456,26940.324292052537,313,11.670504665614247,2355.09375
2026-09-28T17:30:25.505078,llama3.2:3b,warm,7,98.05558307562023,25470.435666036792,313,12.336249062034003,2355.15625
2026-09-28T17:30:25.505086,llama3.2:3b,warm,8,97.45500003919005,25957.180291996337,313,12.10376353446217,2355.03125
2026-09-28T17:30:25.505094,llama3.2:3b,warm,9,81.6492090234533,26353.887042030692,313,11.913716752623223,2355.28125
2026-09-28T17:30:25.505101,llama3.2:3b,warm,10,80.37933299783617,25480.349082965404,313,12.322849321519355,2355.59375
