timestamp,model,prompt_id,success,attempts,ttft_ms,latency_ms,output,error
2026-09-28T19:12:39.492439,llama3.2:3b,structure_001,True,1,,,"{ ""answer"": ""string"", ""key_points"": [""string""], ""category"": ""definition"" }",
2026-09-28T19:12:55.996372,llama3.2:3b,structure_002,True,1,,,"{ ""answer"": ""A process is a sequence of steps that are executed in a specific order to achieve a particular goal."", ""key_points"": [""A process is a series of actions that are performed in a specific order."", ""It is a way to accomplish a task or set of tasks."", ""A process can be thought of as a workflow or a series of steps that are executed in a specific order."", ""It is a way to achieve a specific goal or set of goals."", ""A process can be manual or automated.""], ""category"": ""definition"" }",
2026-09-28T19:13:01.252670,llama3.2:3b,structure_003,True,1,,,"{""answer"": ""string"", ""key_points"": [""string""], ""category"": ""definition""}",
2026-09-28T19:13:13.842986,llama3.2:3b,structure_004,True,1,,,"{""answer"": ""Overfitting in Machine Learning"", ""key_points"": [""Overfitting occurs when a model is too complex and fits the training data too closely, resulting in poor performance on new, unseen data."", ""It can be caused by overparameterization, insufficient training data, or using complex models that are not suitable for the problem at hand.""], ""category"": ""definition""}",
2026-09-28T19:13:19.808546,llama3.2:3b,structure_005,True,1,,,"{ ""answer"": ""string"", ""key_points"": [ ""string"" ], ""category"": ""definition"" }",
2026-09-28T19:13:25.489645,llama3.2:3b,structure_006,True,1,,,"{ ""answer"": ""string"", ""key_points"": [ ""string"" ], ""category"": ""definition"" }",
2026-09-28T19:13:40.545760,llama3.2:3b,structure_007,True,1,,,"{ ""answer"": ""DELETE, DROP, and TRUNCATE are three different SQL commands used to delete data from a database table."", ""key_points"": [""DELETE removes data from a table but does not delete the table itself."", ""DROP removes the table from the database."", ""TRUNCATE removes all data from a table and resets the auto-incrementing ID."", ""TRUNCATE is faster than DELETE because it does not update the table's metadata.""], ""category"": ""definition"" }",
2026-09-28T19:14:01.297591,llama3.2:3b,structure_008,True,1,,,"{ ""answer"": ""Binary search is a fast search algorithm that finds the position of a target value within a sorted array. It compares the target value to the middle element of the array and eliminates half of the array in each step until the target value is found."", ""key_points"": [ ""It is useful when the array is sorted and the target value is known."", ""It is an efficient algorithm with a time complexity of O(log n)."", ""It is commonly used in many applications such as databases, file systems, and web search engines."", ""It is also used in many programming languages and libraries."", ""It is a simple algorithm to implement and understand."" ], ""category"": ""definition"" }",
2026-09-28T19:14:28.165447,llama3.2:3b,structure_009,True,1,,,"{ ""answer"": ""Supervised learning is a type of machine learning where the algorithm is trained on labeled data, meaning the data is already classified or categorized. The algorithm learns to map inputs to outputs based on the labeled data, and can then make predictions on new, unseen data. Unsupervised learning, on the other hand, is a type of machine learning where the algorithm is trained on unlabeled data, and the goal is to identify patterns or structure in the data. The algorithm does not learn to map inputs to outputs, but rather discovers hidden relationships or groupings in the data."", ""key_points"": [""Supervised learning is used for regression and classification tasks."", ""Unsupervised learning is used for clustering and dimensionality reduction tasks."", ""Supervised learning is typically used for tasks where the output is continuous or categorical."", ""Unsupervised learning is typically used for tasks where the output is categorical or binary.""], ""category"": ""definition"" }",
2026-09-28T19:14:33.995297,llama3.2:3b,structure_010,True,1,,,"{""answer"": ""string"", ""key_points"": [""string""], ""category"": ""definition""}",
