timestamp,model,prompt_id,prompt,repetition,temperature,ttft_ms,latency_ms,output_tokens,tokens_per_second,output
2026-09-28T18:16:59.889664,llama3.2:3b,1,Explain what a database index is and why it improves query performance.,1,0.0,6300.136375008151,60527.4419169873,457,8.42748861357718,"A database index is a data structure that improves the speed of data retrieval by allowing the database to quickly locate specific data. It's a way to organize data in a database so that it can be efficiently searched, sorted, and retrieved.

Here's how it works:

1. **Index creation**: When a database is created, an index can be created on one or more columns of a table. The index is essentially a copy of the data in those columns, but it's stored in a different location on disk.
2. **Indexing algorithm**: The indexing algorithm used by the database determines how the data is organized and stored in the index. Common algorithms include B-tree, hash, and bitmap indexing.
3. **Query optimization**: When a query is executed, the database uses the index to quickly locate the relevant data. The index allows the database to skip over large amounts of data and directly access the relevant rows.

Why does indexing improve query performance?

1. **Faster data retrieval**: By using an index, the database can quickly locate the relevant data, reducing the time it takes to retrieve data.
2. **Reduced disk I/O**: With an index, the database can access data more efficiently, reducing the number of disk I/O operations required to retrieve data.
3. **Improved query efficiency**: Indexing can also improve query efficiency by allowing the database to use more efficient query plans, such as full-text searches or range queries.
4. **Reduced data scanning**: By using an index, the database can avoid scanning large amounts of data, reducing the time it takes to execute queries.

Types of indexes:

1. **Clustered index**: A clustered index rearranges the physical order of the data in the table, so that the data is stored in the order of the index.
2. **Non-clustered index**: A non-clustered index creates a separate data structure that contains the index keys and pointers to the corresponding data in the table.
3. **Composite index**: A composite index combines multiple columns into a single index, allowing for more efficient queries that use multiple columns.

In summary, a database index is a data structure that improves query performance by allowing the database to quickly locate specific data, reducing disk I/O operations, and improving query efficiency."
2026-09-28T18:17:52.795027,llama3.2:3b,1,Explain what a database index is and why it improves query performance.,2,0.0,232.491375063546,52858.02920802962,457,8.683996759339962,"A database index is a data structure that improves the speed of data retrieval by allowing the database to quickly locate specific data. It's a way to organize data in a database so that it can be efficiently searched, sorted, and retrieved.

Here's how it works:

1. **Index creation**: When a database is created, an index can be created on one or more columns of a table. The index is essentially a copy of the data in those columns, but it's stored in a different location on disk.
2. **Indexing algorithm**: The indexing algorithm used by the database determines how the data is organized and stored in the index. Common algorithms include B-tree, hash, and bitmap indexing.
3. **Query optimization**: When a query is executed, the database uses the index to quickly locate the relevant data. The index allows the database to skip over large amounts of data and directly access the relevant rows.

Why does indexing improve query performance?

1. **Faster data retrieval**: By using an index, the database can quickly locate the relevant data, reducing the time it takes to retrieve data.
2. **Reduced disk I/O**: With an index, the database can access data more efficiently, reducing the number of disk I/O operations required to retrieve data.
3. **Improved query efficiency**: Indexing can also improve query efficiency by allowing the database to use more efficient query plans, such as full-text searches or range queries.
4. **Reduced data scanning**: By using an index, the database can avoid scanning large amounts of data, reducing the time it takes to execute queries.

Types of indexes:

1. **Clustered index**: A clustered index rearranges the physical order of the data in the table, so that the data is stored in the order of the index.
2. **Non-clustered index**: A non-clustered index creates a separate data structure that contains the index keys and pointers to the corresponding data in the table.
3. **Composite index**: A composite index combines multiple columns into a single index, allowing for more efficient queries that use multiple columns.

In summary, a database index is a data structure that improves query performance by allowing the database to quickly locate specific data, reducing disk I/O operations, and improving query efficiency."
2026-09-28T18:18:47.983381,llama3.2:3b,1,Explain what a database index is and why it improves query performance.,3,0.0,210.83054202608764,55090.27787507512,457,8.327343335412735,"A database index is a data structure that improves the speed of data retrieval by allowing the database to quickly locate specific data. It's a way to organize data in a database so that it can be efficiently searched, sorted, and retrieved.

Here's how it works:

1. **Index creation**: When a database is created, an index can be created on one or more columns of a table. The index is essentially a copy of the data in those columns, but it's stored in a different location on disk.
2. **Indexing algorithm**: The indexing algorithm used by the database determines how the data is organized and stored in the index. Common algorithms include B-tree, hash, and bitmap indexing.
3. **Query optimization**: When a query is executed, the database uses the index to quickly locate the relevant data. The index allows the database to skip over large amounts of data and directly access the relevant rows.

Why does indexing improve query performance?

1. **Faster data retrieval**: By using an index, the database can quickly locate the relevant data, reducing the time it takes to retrieve data.
2. **Reduced disk I/O**: With an index, the database can access data more efficiently, reducing the number of disk I/O operations required to retrieve data.
3. **Improved query efficiency**: Indexing can also improve query efficiency by allowing the database to use more efficient query plans, such as full-text searches or range queries.
4. **Reduced data scanning**: By using an index, the database can avoid scanning large amounts of data, reducing the time it takes to execute queries.

Types of indexes:

1. **Clustered index**: A clustered index rearranges the physical order of the data in the table, so that the data is stored in the order of the index.
2. **Non-clustered index**: A non-clustered index creates a separate data structure that contains the index keys and pointers to the corresponding data in the table.
3. **Composite index**: A composite index combines multiple columns into a single index, allowing for more efficient queries that use multiple columns.

In summary, a database index is a data structure that improves query performance by allowing the database to quickly locate specific data, reducing disk I/O operations, and improving query efficiency."
2026-09-28T18:19:55.719987,llama3.2:3b,2,Explain the difference between a process and a thread.,1,0.0,608.9998340466991,67627.22016707994,477,7.117467423480462,"In computer science, a process and a thread are two fundamental concepts that are often confused with each other. Here's a clear explanation of the difference between them:

**Process:**

A process is an independent unit of execution that runs on a computer's operating system. Each process has its own memory space, resources, and memory allocation. When a process is created, the operating system allocates a unique memory space for it, and the process runs independently of other processes.

Here are some key characteristics of a process:

1. **Independent memory space**: Each process has its own memory space, which is separate from other processes.
2. **Resource allocation**: Each process has its own set of resources, such as CPU time, memory, and I/O devices.
3. **Context switching**: When a process is switched out of the CPU, the operating system saves its state and restores the state of the next process in the queue.
4. **Creation and termination**: Processes can be created and terminated independently by the operating system.

**Thread:**

A thread is a lightweight process that shares the same memory space as other threads in the same process. Threads are used to improve responsiveness and efficiency in programs that require concurrent execution.

Here are some key characteristics of a thread:

1. **Shared memory space**: Threads share the same memory space as other threads in the same process.
2. **Lightweight**: Threads are much lighter in terms of memory usage and context switching compared to processes.
3. **Cooperative scheduling**: Threads are scheduled by the operating system, but they can also be scheduled by the application itself.
4. **Creation and termination**: Threads can be created and terminated independently by the application.

**Key differences:**

1. **Memory space**: Processes have their own memory space, while threads share the same memory space.
2. **Resource allocation**: Processes have their own resources, while threads share resources with other threads in the same process.
3. **Context switching**: Processes require more context switching than threads, which can lead to performance overhead.
4. **Creation and termination**: Processes can be created and terminated independently, while threads are typically created and terminated by the application.

In summary, processes are independent units of execution that run on their own memory space, while threads are lightweight processes that share the same memory space and are used to improve responsiveness and efficiency in programs."
2026-09-28T18:20:55.438549,llama3.2:3b,2,Explain the difference between a process and a thread.,2,0.0,789.494666038081,59710.20500001032,477,8.09562541415889,"In computer science, a process and a thread are two fundamental concepts that are often confused with each other. Here's a clear explanation of the difference between them:

**Process:**

A process is an independent unit of execution that runs on a computer's operating system. Each process has its own memory space, resources, and memory allocation. When a process is created, the operating system allocates a unique memory space for it, and the process runs independently of other processes.

Here are some key characteristics of a process:

1. **Independent memory space**: Each process has its own memory space, which is separate from other processes.
2. **Resource allocation**: Each process has its own set of resources, such as CPU time, memory, and I/O devices.
3. **Context switching**: When a process is switched out of the CPU, the operating system saves its state and restores the state of the next process in the queue.
4. **Creation and termination**: Processes can be created and terminated independently by the operating system.

**Thread:**

A thread is a lightweight process that shares the same memory space as other threads in the same process. Threads are used to improve responsiveness and efficiency in programs that require concurrent execution.

Here are some key characteristics of a thread:

1. **Shared memory space**: Threads share the same memory space as other threads in the same process.
2. **Lightweight**: Threads are much lighter in terms of memory usage and context switching compared to processes.
3. **Cooperative scheduling**: Threads are scheduled by the operating system, but they can also be scheduled by the application itself.
4. **Creation and termination**: Threads can be created and terminated independently by the application.

**Key differences:**

1. **Memory space**: Processes have their own memory space, while threads share the same memory space.
2. **Resource allocation**: Processes have their own resources, while threads share resources with other threads in the same process.
3. **Context switching**: Processes require more context switching than threads, which can lead to performance overhead.
4. **Creation and termination**: Processes can be created and terminated independently, while threads are typically created and terminated by the application.

In summary, processes are independent units of execution that run on their own memory space, while threads are lightweight processes that share the same memory space and are used to improve responsiveness and efficiency in programs."
2026-09-28T18:21:49.025406,llama3.2:3b,2,Explain the difference between a process and a thread.,3,0.0,237.4466669280082,53578.99399998132,477,8.94237276286181,"In computer science, a process and a thread are two fundamental concepts that are often confused with each other. Here's a clear explanation of the difference between them:

**Process:**

A process is an independent unit of execution that runs on a computer's operating system. Each process has its own memory space, resources, and memory allocation. When a process is created, the operating system allocates a unique memory space for it, and the process runs independently of other processes.

Here are some key characteristics of a process:

1. **Independent memory space**: Each process has its own memory space, which is separate from other processes.
2. **Resource allocation**: Each process has its own set of resources, such as CPU time, memory, and I/O devices.
3. **Context switching**: When a process is switched out of the CPU, the operating system saves its state and restores the state of the next process in the queue.
4. **Creation and termination**: Processes can be created and terminated independently by the operating system.

**Thread:**

A thread is a lightweight process that shares the same memory space as other threads in the same process. Threads are used to improve responsiveness and efficiency in programs that require concurrent execution.

Here are some key characteristics of a thread:

1. **Shared memory space**: Threads share the same memory space as other threads in the same process.
2. **Lightweight**: Threads are much lighter in terms of memory usage and context switching compared to processes.
3. **Cooperative scheduling**: Threads are scheduled by the operating system, but they can also be scheduled by the application itself.
4. **Creation and termination**: Threads can be created and terminated independently by the application.

**Key differences:**

1. **Memory space**: Processes have their own memory space, while threads share the same memory space.
2. **Resource allocation**: Processes have their own resources, while threads share resources with other threads in the same process.
3. **Context switching**: Processes require more context switching than threads, which can lead to performance overhead.
4. **Creation and termination**: Processes can be created and terminated independently, while threads are typically created and terminated by the application.

In summary, processes are independent units of execution that run on their own memory space, while threads are lightweight processes that share the same memory space and are used to improve responsiveness and efficiency in programs."
2026-09-28T18:22:18.282033,llama3.2:3b,3,What is REST API architecture? Give three important principles.,1,0.0,396.70279202982783,29254.530292004347,265,9.18295044906738,"REST (Representational State of Resource) API architecture is a widely used software architecture style that defines a set of principles for designing networked applications. It is based on the idea of resources, which are identified by URIs, and can be manipulated using a fixed set of operations.

The key principles of REST API architecture are:

1. **Resource-based**: In REST, everything is a resource. This means that every endpoint in the API returns or manipulates a resource. Resources can be represented as data in various formats such as JSON, XML, or even HTML.

2. **Client-Server Architecture**: In a RESTful system, the client and server are separate entities. The client is the application or service that makes requests to the server, while the server is the application or service that responds to those requests. This separation of concerns allows for greater flexibility and scalability.

3. **Stateless**: RESTful systems are stateless, meaning that the server does not store any information about the client state. Each request from the client to the server must contain all the information necessary to complete the request. This allows for greater scalability and fault tolerance, as the server can handle multiple clients simultaneously without losing state.

These principles provide a solid foundation for designing RESTful APIs that are scalable, maintainable, and easy to use."
2026-09-28T18:22:49.395377,llama3.2:3b,3,What is REST API architecture? Give three important principles.,2,0.0,175.80020905006677,31112.6635420369,265,8.565832843093705,"REST (Representational State of Resource) API architecture is a widely used software architecture style that defines a set of principles for designing networked applications. It is based on the idea of resources, which are identified by URIs, and can be manipulated using a fixed set of operations.

The key principles of REST API architecture are:

1. **Resource-based**: In REST, everything is a resource. This means that every endpoint in the API returns or manipulates a resource. Resources can be represented as data in various formats such as JSON, XML, or even HTML.

2. **Client-Server Architecture**: In a RESTful system, the client and server are separate entities. The client is the application or service that makes requests to the server, while the server is the application or service that responds to those requests. This separation of concerns allows for greater flexibility and scalability.

3. **Stateless**: RESTful systems are stateless, meaning that the server does not store any information about the client state. Each request from the client to the server must contain all the information necessary to complete the request. This allows for greater scalability and fault tolerance, as the server can handle multiple clients simultaneously without losing state.

These principles provide a solid foundation for designing RESTful APIs that are scalable, maintainable, and easy to use."
2026-09-28T18:23:20.773604,llama3.2:3b,3,What is REST API architecture? Give three important principles.,3,0.0,145.8867909386754,31374.25087497104,265,8.485875189840616,"REST (Representational State of Resource) API architecture is a widely used software architecture style that defines a set of principles for designing networked applications. It is based on the idea of resources, which are identified by URIs, and can be manipulated using a fixed set of operations.

The key principles of REST API architecture are:

1. **Resource-based**: In REST, everything is a resource. This means that every endpoint in the API returns or manipulates a resource. Resources can be represented as data in various formats such as JSON, XML, or even HTML.

2. **Client-Server Architecture**: In a RESTful system, the client and server are separate entities. The client is the application or service that makes requests to the server, while the server is the application or service that responds to those requests. This separation of concerns allows for greater flexibility and scalability.

3. **Stateless**: RESTful systems are stateless, meaning that the server does not store any information about the client state. Each request from the client to the server must contain all the information necessary to complete the request. This allows for greater scalability and fault tolerance, as the server can handle multiple clients simultaneously without losing state.

These principles provide a solid foundation for designing RESTful APIs that are scalable, maintainable, and easy to use."
2026-09-28T18:24:24.817201,llama3.2:3b,4,Explain overfitting in machine learning and give two ways to reduce it.,1,0.0,520.1408750144765,63853.106583002955,506,7.989520060264222,"Overfitting is a common problem in machine learning where a model is too complex and fits the training data too closely, resulting in poor performance on new, unseen data. This occurs when the model is too flexible and can learn the noise and random fluctuations in the training data, rather than the underlying patterns and relationships.

When a model overfits, it may perform well on the training data, but it will not generalize well to new data. This can lead to poor performance on test data, and even worse, it can lead to overestimation of the model's ability to make accurate predictions.

There are several reasons why overfitting occurs, including:

1. Model complexity: Models with too many parameters can fit the training data too closely, leading to overfitting.
2. Lack of regularization: Regularization techniques, such as L1 and L2 regularization, can help prevent overfitting by adding a penalty term to the loss function.
3. Insufficient training data: If the training data is too small, the model may not have enough information to learn the underlying patterns and relationships, leading to overfitting.

Here are two ways to reduce overfitting:

1. **Regularization**: Regularization techniques can help prevent overfitting by adding a penalty term to the loss function. There are several types of regularization, including:
* L1 regularization: adds a penalty term to the loss function that is proportional to the absolute value of the model's parameters.
* L2 regularization: adds a penalty term to the loss function that is proportional to the square of the model's parameters.
* Dropout: randomly sets a fraction of the model's parameters to zero during training, which helps prevent overfitting by reducing the model's capacity.
2. **Data augmentation**: Data augmentation involves artificially increasing the size of the training data by applying transformations to the existing data. This can help prevent overfitting by providing the model with more data to learn from, and by reducing the impact of any noise or random fluctuations in the training data.

For example, if you're training a model to classify images, you could apply random transformations to the images, such as rotation, scaling, and flipping, to create new training data. This can help the model learn to be more robust and less prone to overfitting.

It's worth noting that overfitting is a common problem in machine learning, and there are many other techniques that can help prevent it, such as early stopping, batch normalization, and ensemble methods."
2026-09-28T18:25:25.933540,llama3.2:3b,4,Explain overfitting in machine learning and give two ways to reduce it.,2,0.0,728.1729170354083,60864.78545796126,506,8.414175302202842,"Overfitting is a common problem in machine learning where a model is too complex and fits the training data too closely, resulting in poor performance on new, unseen data. This occurs when the model is too flexible and can learn the noise and random fluctuations in the training data, rather than the underlying patterns and relationships.

When a model overfits, it may perform well on the training data, but it will not generalize well to new data. This can lead to poor performance on test data, and even worse, it can lead to overestimation of the model's ability to make accurate predictions.

There are several reasons why overfitting occurs, including:

1. Model complexity: Models with too many parameters can fit the training data too closely, leading to overfitting.
2. Lack of regularization: Regularization techniques, such as L1 and L2 regularization, can help prevent overfitting by adding a penalty term to the loss function.
3. Insufficient training data: If the training data is too small, the model may not have enough information to learn the underlying patterns and relationships, leading to overfitting.

Here are two ways to reduce overfitting:

1. **Regularization**: Regularization techniques can help prevent overfitting by adding a penalty term to the loss function. There are several types of regularization, including:
* L1 regularization: adds a penalty term to the loss function that is proportional to the absolute value of the model's parameters.
* L2 regularization: adds a penalty term to the loss function that is proportional to the square of the model's parameters.
* Dropout: randomly sets a fraction of the model's parameters to zero during training, which helps prevent overfitting by reducing the model's capacity.
2. **Data augmentation**: Data augmentation involves artificially increasing the size of the training data by applying transformations to the existing data. This can help prevent overfitting by providing the model with more data to learn from, and by reducing the impact of any noise or random fluctuations in the training data.

For example, if you're training a model to classify images, you could apply random transformations to the images, such as rotation, scaling, and flipping, to create new training data. This can help the model learn to be more robust and less prone to overfitting.

It's worth noting that overfitting is a common problem in machine learning, and there are many other techniques that can help prevent it, such as early stopping, batch normalization, and ensemble methods."
2026-09-28T18:26:10.296496,llama3.2:3b,4,Explain overfitting in machine learning and give two ways to reduce it.,3,0.0,931.0050840722397,44353.89812500216,506,11.652839425577891,"Overfitting is a common problem in machine learning where a model is too complex and fits the training data too closely, resulting in poor performance on new, unseen data. This occurs when the model is too flexible and can learn the noise and random fluctuations in the training data, rather than the underlying patterns and relationships.

When a model overfits, it may perform well on the training data, but it will not generalize well to new data. This can lead to poor performance on test data, and even worse, it can lead to overestimation of the model's ability to make accurate predictions.

There are several reasons why overfitting occurs, including:

1. Model complexity: Models with too many parameters can fit the training data too closely, leading to overfitting.
2. Lack of regularization: Regularization techniques, such as L1 and L2 regularization, can help prevent overfitting by adding a penalty term to the loss function.
3. Insufficient training data: If the training data is too small, the model may not have enough information to learn the underlying patterns and relationships, leading to overfitting.

Here are two ways to reduce overfitting:

1. **Regularization**: Regularization techniques can help prevent overfitting by adding a penalty term to the loss function. There are several types of regularization, including:
* L1 regularization: adds a penalty term to the loss function that is proportional to the absolute value of the model's parameters.
* L2 regularization: adds a penalty term to the loss function that is proportional to the square of the model's parameters.
* Dropout: randomly sets a fraction of the model's parameters to zero during training, which helps prevent overfitting by reducing the model's capacity.
2. **Data augmentation**: Data augmentation involves artificially increasing the size of the training data by applying transformations to the existing data. This can help prevent overfitting by providing the model with more data to learn from, and by reducing the impact of any noise or random fluctuations in the training data.

For example, if you're training a model to classify images, you could apply random transformations to the images, such as rotation, scaling, and flipping, to create new training data. This can help the model learn to be more robust and less prone to overfitting.

It's worth noting that overfitting is a common problem in machine learning, and there are many other techniques that can help prevent it, such as early stopping, batch normalization, and ensemble methods."
2026-09-28T18:26:32.781496,llama3.2:3b,5,What is the purpose of a primary key in a relational database?,1,0.0,315.90383301954716,22482.053917017765,234,10.55663699439286,"The primary key in a relational database serves several purposes:

1. **Uniqueness**: A primary key ensures that each record in the table has a unique identifier, which prevents duplicate records from being inserted.
2. **Data integrity**: By defining a primary key, you can enforce data consistency and prevent data from being modified or deleted accidentally.
3. **Data retrieval**: Primary keys are used to quickly locate specific data in a table, making it easier to retrieve data for reporting, analysis, or other purposes.
4. **Data relationships**: Primary keys help establish relationships between tables, enabling you to create foreign keys that link related data across tables.
5. **Data normalization**: Primary keys are essential for maintaining data normalization, which ensures that each piece of data is stored in one place and one place only, reducing data redundancy and improving data integrity.
6. **Indexing**: Primary keys can be used to create indexes, which improve query performance by allowing the database to quickly locate specific data.

In summary, the primary key is a critical component of a relational database, ensuring data uniqueness, integrity, and consistency, while also facilitating data retrieval, relationships, and normalization."
2026-09-28T18:26:52.375643,llama3.2:3b,5,What is the purpose of a primary key in a relational database?,2,0.0,184.30850002914667,19594.093709019944,234,12.05577483112018,"The primary key in a relational database serves several purposes:

1. **Uniqueness**: A primary key ensures that each record in the table has a unique identifier, which prevents duplicate records from being inserted.
2. **Data integrity**: By defining a primary key, you can enforce data consistency and prevent data from being modified or deleted accidentally.
3. **Data retrieval**: Primary keys are used to quickly locate specific data in a table, making it easier to retrieve data for reporting, analysis, or other purposes.
4. **Data relationships**: Primary keys help establish relationships between tables, enabling you to create foreign keys that link related data across tables.
5. **Data normalization**: Primary keys are essential for maintaining data normalization, which ensures that each piece of data is stored in one place and one place only, reducing data redundancy and improving data integrity.
6. **Indexing**: Primary keys can be used to create indexes, which improve query performance by allowing the database to quickly locate specific data.

In summary, the primary key is a critical component of a relational database, ensuring data uniqueness, integrity, and consistency, while also facilitating data retrieval, relationships, and normalization."
2026-09-28T18:27:14.542096,llama3.2:3b,5,What is the purpose of a primary key in a relational database?,3,0.0,95.03666695673019,22165.53825000301,234,10.602387042247825,"The primary key in a relational database serves several purposes:

1. **Uniqueness**: A primary key ensures that each record in the table has a unique identifier, which prevents duplicate records from being inserted.
2. **Data integrity**: By defining a primary key, you can enforce data consistency and prevent data from being modified or deleted accidentally.
3. **Data retrieval**: Primary keys are used to quickly locate specific data in a table, making it easier to retrieve data for reporting, analysis, or other purposes.
4. **Data relationships**: Primary keys help establish relationships between tables, enabling you to create foreign keys that link related data across tables.
5. **Data normalization**: Primary keys are essential for maintaining data normalization, which ensures that each piece of data is stored in one place and one place only, reducing data redundancy and improving data integrity.
6. **Indexing**: Primary keys can be used to create indexes, which improve query performance by allowing the database to quickly locate specific data.

In summary, the primary key is a critical component of a relational database, ensuring data uniqueness, integrity, and consistency, while also facilitating data retrieval, relationships, and normalization."
2026-09-28T18:28:05.504977,llama3.2:3b,1,Explain what a database index is and why it improves query performance.,1,0.7,486.9782919995487,50958.941792021506,492,9.747986126986836,"A database index is a data structure that improves the speed of data retrieval from a database by allowing for faster lookup, insertion, and deletion operations. It's a way to organize data in a database to make it more efficient for querying.

Here's how it works:

1. **Data is stored in a table**: A table is a collection of related data, such as a list of customers or orders.
2. **Index is created**: An index is created on a column or set of columns in the table. The index is essentially a copy of the data in that column, but it's stored separately from the original data.
3. **Index is used for lookup**: When a query is executed, the database uses the index to quickly locate the relevant data. For example, if a query is searching for customers from a specific country, the database can use the country index to find the matching customers.
4. **Index improves query performance**: By using the index, the database can skip over a large number of data records, reducing the amount of data that needs to be scanned. This makes queries faster and more efficient.

There are different types of indexes, including:

1. **B-tree index**: A B-tree index is a type of index that's optimized for range queries (e.g., finding all customers from a specific country).
2. **Hash index**: A hash index is a type of index that's optimized for exact matches (e.g., finding a specific customer by name).
3. **Composite index**: A composite index is a type of index that's optimized for multiple columns (e.g., finding all customers from a specific country who live in a specific city).

Why do indexes improve query performance?

1. **Reduces data scanning**: By using an index, the database can quickly locate the relevant data, reducing the amount of data that needs to be scanned.
2. **Speeds up lookup**: Indexes allow the database to perform lookups much faster than if it had to scan the entire table.
3. **Improves query optimization**: Indexes can help the database optimizer to choose the most efficient query plan, which can result in significant performance improvements.

In summary, a database index is a data structure that improves query performance by allowing for faster lookup, insertion, and deletion operations. By creating an index on a column or set of columns, the database can quickly locate relevant data, reducing data scanning and improving query performance."
2026-09-28T18:29:00.373726,llama3.2:3b,1,Explain what a database index is and why it improves query performance.,2,0.7,175.52433407399803,54848.69075007737,527,9.639097834394716,"A database index is a data structure that improves the speed of data retrieval by providing a quick way to locate specific data. It's a data structure that contains the primary key or unique values from a table, and is used to quickly locate the data you need.

Here's how it works:

1. When a query is executed, the database uses the index to quickly locate the relevant data.
2. The index is used to filter the data, and only the relevant rows are returned.
3. The index also helps to speed up the sorting and joining of data.

There are two main types of indexes:

1. **Clustered Index**: This type of index rearranges the data in the table according to the index values. When a clustered index is created, the data is physically stored in the order of the index values.
2. **Non-Clustered Index**: This type of index does not physically reorder the data. Instead, it creates a separate data structure that contains the index values and pointers to the actual data.

Why does an index improve query performance?

1. **Faster data retrieval**: With an index, the database can quickly locate the relevant data, reducing the time it takes to execute a query.
2. **Reduced I/O operations**: By using the index, the database can reduce the number of I/O operations required to retrieve the data, which can significantly improve performance.
3. **Improved query filtering**: The index can be used to quickly filter out irrelevant data, reducing the amount of data that needs to be processed.
4. **Faster sorting and joining**: The index can be used to speed up sorting and joining of data, which can improve the overall performance of complex queries.

When to use indexes?

1. **Frequent queries**: Indexes are particularly useful when you have frequent queries that filter data by a specific column or set of columns.
2. **Large datasets**: Indexes can help improve performance on large datasets, where the time it takes to execute a query can be significant.
3. **Complex queries**: Indexes can help speed up complex queries that involve sorting, joining, or filtering of data.

Best practices for creating indexes:

1. **Create indexes on frequently used columns**: Create indexes on columns that are used frequently in queries.
2. **Use non-clustered indexes**: Non-clustered indexes are generally more efficient than clustered indexes.
3. **Monitor index usage**: Monitor the usage of indexes and adjust them as needed to maintain optimal performance.
4. **Avoid over-indexing**: Avoid creating too many indexes, as this can lead to increased storage and maintenance costs."
2026-09-28T18:29:55.641215,llama3.2:3b,1,Explain what a database index is and why it improves query performance.,3,0.7,169.4280420197174,55263.05449998472,581,10.545684453051713,"A database index is a data structure that improves the speed of data retrieval and manipulation operations by providing a quick way to locate specific data in a database. It is essentially a data structure that is used to speed up the retrieval of data from a database.

A database index is created on a column or set of columns in a database table. It is essentially a data structure that contains the values in that column or set of columns, along with pointers to the corresponding rows in the table.

When a query is executed, the database engine can use the index to quickly locate the relevant data, rather than having to scan the entire table. This can significantly improve the performance of queries that frequently filter on a specific column or set of columns.

Here's an example of how an index can improve query performance:

Suppose we have a table called ""Customers"" with a column called ""CustomerID"" that is used to filter on customer data. Without an index on this column, the database engine would have to scan the entire table to find the relevant data, which could be slow for large tables.

However, if we create an index on the ""CustomerID"" column, the database engine can use this index to quickly locate the relevant data. When a query is executed that filters on ""CustomerID"", the engine can use the index to find the relevant rows without having to scan the entire table.

For example, suppose we have the following query:

`SELECT * FROM Customers WHERE CustomerID = 123`

With an index on the ""CustomerID"" column, the database engine can quickly locate the relevant row and return the data. Without an index, the engine would have to scan the entire table, which could be slow for large tables.

Index types:

There are several types of indexes that can be used in a database, including:

* B-tree indexes: These are the most common type of index and are suitable for most use cases.
* Hash indexes: These are suitable for queries that filter on a specific column, but are less efficient than B-tree indexes for range queries.
* Full-text indexes: These are suitable for full-text search queries and can be more efficient than B-tree indexes for these types of queries.

Benefits of indexes:

* Improved query performance: Indexes can significantly improve the performance of queries that frequently filter on a specific column or set of columns.
* Reduced storage requirements: Indexes can reduce the storage requirements of a database table, as only the indexed columns need to be stored.
* Improved data integrity: Indexes can help ensure data integrity by preventing duplicate values in the indexed column.

Best practices for creating indexes:

* Create indexes on columns that are frequently filtered on.
* Create unique indexes on columns that have unique values.
* Avoid creating too many indexes, as this can reduce storage requirements and increase maintenance costs.
* Regularly monitor and maintain indexes to ensure they remain efficient and effective."
2026-09-28T18:30:47.473395,llama3.2:3b,2,Explain the difference between a process and a thread.,1,0.7,380.2001669537276,51827.91129196994,504,9.796354181341458,"In computer science, both processes and threads are used to execute multiple tasks concurrently, but they have distinct differences in terms of their implementation, characteristics, and usage.

**Process:**

A process is a separate instance of a program that runs on a computer's operating system. Each process has its own:

1. Memory space: Processes have their own memory space, which is isolated from other processes.
2. Resources: Each process can allocate and use system resources such as CPU time, I/O devices, and memory.
3. State: A process can be in one of several states, such as running, waiting, sleeping, or terminated.

Processes are scheduled by the operating system to run on the CPU, and each process gets a fixed time slice (called a time quantum) to execute. This scheduling process is known as context switching, which involves saving the state of the current process and restoring the state of the next process.

**Thread:**

A thread is a lightweight process that runs within a process. Threads share the same memory space as the parent process, which means they can access and modify shared data without the overhead of creating a new memory space.

Threads have the following characteristics:

1. Lighter overhead: Creating and switching between threads is faster and more efficient than creating and switching between processes.
2. Shared resources: Threads share the same memory space and resources as the parent process.
3. Coordinated execution: Threads can be scheduled to run concurrently by the operating system, allowing for efficient use of system resources.

However, threads also have some limitations, such as:

1. Limited control: A thread can only access shared data that is not protected by synchronization primitives such as locks or semaphores.
2. Limited memory: Threads are limited by the amount of memory available to the parent process.

**Key differences:**

1. **Memory space**: Processes have their own memory space, while threads share the same memory space as the parent process.
2. **Resource allocation**: Processes can allocate and use system resources independently, while threads share resources with the parent process.
3. **Scheduling**: Processes are scheduled by the operating system, while threads are scheduled by the operating system as part of the process.
4. **Overhead**: Creating and switching between threads is faster and more efficient than creating and switching between processes.

In summary, processes are used when you need to allocate and use system resources independently, while threads are used when you need to share resources and execute multiple tasks concurrently within a single process."
2026-09-28T18:31:29.915394,llama3.2:3b,2,Explain the difference between a process and a thread.,2,0.7,166.1937499884516,42440.66387496423,449,10.621067482871432,"In computer science, both processes and threads are used to manage the execution of multiple tasks or programs on a computer. However, they differ in their scope, behavior, and the resources they use.

**Process:**

A process is an independent unit of execution that runs on a computer's operating system. Each process has its own:

1. **Memory space**: Each process has its own memory space, which is a contiguous block of memory allocated to the process.
2. **Resources**: Each process has its own set of resources, such as CPU time, I/O devices, and file handles.
3. **State**: Each process has its own state, which includes the current execution point, registers, and program counter.

When a process is created, the operating system allocates resources to it, and the process runs independently until it terminates. When a process terminates, its resources are released back to the operating system.

**Thread:**

A thread is a lightweight process that runs within a process. Threads share the same memory space and resources as the parent process. Key characteristics of threads include:

1. **Lightweight**: Threads are much lighter in terms of memory and CPU usage compared to processes.
2. **Shared memory**: Threads share the same memory space as the parent process.
3. **Shared resources**: Threads share the same resources, such as I/O devices, file handles, and CPU time.

Threads are used to improve responsiveness, concurrency, and efficiency in programs. When a thread is created, the operating system allocates a small amount of memory and CPU time to it, and the thread runs concurrently with other threads in the same process.

**Key differences:**

1. **Memory space**: Processes have their own memory space, while threads share the same memory space.
2. **Resources**: Processes have their own resources, while threads share resources with the parent process.
3. **Scope**: Processes are the top-level execution units, while threads are executed within a process.
4. **Creation overhead**: Creating a process has higher overhead compared to creating a thread.

In summary, processes are independent units of execution with their own resources and memory space, while threads are lightweight processes that share resources and memory space with their parent process."
2026-09-28T18:32:22.408245,llama3.2:3b,2,Explain the difference between a process and a thread.,3,0.7,109.97266601771116,52490.805790992454,530,10.118204854349681,"In computer science, a process and a thread are two fundamental concepts that are often confused with each other. While they are related, they serve different purposes and have distinct characteristics.

**Process:**

A process is a self-contained unit of execution that runs in its own memory space, resources, and memory. Each process has its own:

1. Memory space: Each process has its own memory space, which is separate from other processes.
2. Resources: Each process has its own set of resources, such as CPU time, memory, and I/O devices.
3. Address space: Each process has its own address space, which is a virtual memory space that is mapped to physical memory.

When a process is created, the operating system allocates a new process ID (PID) and a set of resources. The process can then execute its own code, and the operating system schedules it for execution.

**Thread:**

A thread, on the other hand, is a lightweight process that shares the same memory space, resources, and address space as the parent process. Each thread has its own:

1. Stack: Each thread has its own stack, which is a region of memory that stores the thread's local variables, function call stack, and other data.
2. Local storage: Each thread has its own local storage, which is a small amount of memory that is used to store data specific to the thread.
3. Resource allocation: Each thread can allocate resources, such as CPU time and I/O devices, independently.

When a thread is created, the operating system allocates a new thread ID (TID) and a set of resources. The thread can then execute its own code, and the operating system schedules it for execution.

**Key differences:**

1. **Memory space**: A process has its own memory space, while a thread shares the same memory space as the parent process.
2. **Resource allocation**: A process has its own resources, while a thread can allocate resources independently.
3. **Address space**: A process has its own address space, while a thread shares the same address space as the parent process.
4. **Creation overhead**: Creating a thread has less overhead than creating a process, since it does not require allocating a new memory space.
5. **Scheduling**: Processes are scheduled by the operating system, while threads are scheduled by the operating system and the application itself.

In summary, a process is a self-contained unit of execution that runs in its own memory space and resources, while a thread is a lightweight process that shares the same memory space, resources, and address space as the parent process."
2026-09-28T18:32:54.410056,llama3.2:3b,3,What is REST API architecture? Give three important principles.,1,0.7,512.9387920023873,32000.8362919325,273,8.66999773486324,"REST (Representational State of Resource) API architecture is an architectural style for designing networked applications. It is based on the idea of resources, which can be identified by URIs, and can be manipulated using a fixed set of operations.

The core principles of REST API architecture are:

1. **Resource-based**: REST APIs are built around resources, which are identified by URIs. These resources can be represented in various formats, such as JSON or XML. The resources can be manipulated using a set of standardized operations, such as GET, POST, PUT, and DELETE.

2. **Client-Server Architecture**: In a RESTful architecture, the client and server are two separate entities. The client is responsible for sending requests to the server, and the server responds with the requested data or performs the requested operation. The client and server communicate using standard HTTP methods, such as GET, POST, PUT, and DELETE.

3. **Stateless**: RESTful APIs are designed to be stateless, meaning that the server does not store any information about the client. Each request from the client includes all the necessary information, and the server responds with the requested data. This design allows for scalability and reduces the complexity of the server.

These principles provide a solid foundation for designing RESTful APIs, which are widely used in modern web applications and microservices-based architectures."
2026-09-28T18:33:23.812675,llama3.2:3b,3,What is REST API architecture? Give three important principles.,2,0.7,136.8386250687763,29402.175500057638,294,10.046014548059492,"REST (Representational State of Resource) API architecture is a widely used approach for designing web services. It is based on the concept of resources, which are identified by URIs, and can be manipulated using a fixed set of operations.

Here are three important principles of REST API architecture:

1. **Resource-Based**: In REST, everything is a resource. This means that every piece of data or entity is treated as a resource, and is identified by a unique URI. This approach is based on the idea that resources can be manipulated and accessed using a fixed set of operations.

2. **Client-Server Architecture**: In a RESTful system, the client and server are separate entities. The client is the application or service that is making requests to the server, while the server is the resource that is being accessed. This separation of concerns is a key principle of REST, as it allows for greater flexibility, scalability, and maintainability.

3. **Stateless**: RESTful systems are designed to be stateless, meaning that each request from the client to the server must contain all the information necessary to complete the request. This approach is based on the idea that the server should not maintain any information about the client state, as this would make it difficult to scale the system and would require additional overhead.

By following these principles, RESTful systems can be designed to be scalable, maintainable, and flexible, making them well-suited for a wide range of applications."
2026-09-28T18:33:53.116427,llama3.2:3b,3,What is REST API architecture? Give three important principles.,3,0.7,160.62620794400573,29303.78312501125,323,11.083219327239046,"REST API Architecture:

A REST (Representational State of Resource) API is an architectural style for designing networked applications. It is based on the idea of resources, which can be identified by URIs, and can be manipulated using a fixed set of operations.

The core principles of REST API architecture are:

1. **Resource-based**: REST APIs are built around resources, which can be identified by URIs. Resources can be objects, collections, or even actions.
2. **Client-server architecture**: The client and server are separate entities, with the client making requests to the server to access or modify resources.
3. **Stateless**: The server does not store any information about the client state. Each request from the client includes all the information necessary to complete the request.

Three important principles of REST API architecture are:

1. **Uniform Interface**: The REST API uses a uniform interface to communicate between the client and server. This includes HTTP methods (GET, POST, PUT, DELETE, etc.), URI conventions, and standard HTTP status codes.

2. **Layered System**: The REST API is designed as a layered system, where each layer can be independently modified without affecting the other layers. This allows for scalability and flexibility in the API.

3. **Cacheable**: REST APIs can be cacheable, which means that the client can store responses to requests and reuse them when making similar requests in the future. This can improve performance and reduce the number of requests made to the server.

By following these principles and guidelines, developers can create REST APIs that are scalable, maintainable, and easy to use."
2026-09-28T18:34:34.578080,llama3.2:3b,4,Explain overfitting in machine learning and give two ways to reduce it.,1,0.7,302.71633400116116,41460.381792043336,518,12.585747860943926,"Overfitting is a common problem in machine learning where a model is too complex and performs well on the training data, but poorly on new, unseen data. This occurs when the model is too closely fit to the noise in the training data, rather than learning the underlying patterns and relationships.

When a model overfits, it typically:

1. Performs well on the training data, with high accuracy and low error rate.
2. Performs poorly on new, unseen data, with low accuracy and high error rate.
3. Fails to generalize well to new data, meaning it cannot make accurate predictions on data it has never seen before.

There are several reasons why overfitting occurs, including:

1. Model complexity: Models with too many parameters can become overconfident and fit the noise in the training data.
2. Lack of regularization: Models without regularization techniques, such as dropout or L1/L2 regularization, can become too complex and overfit.
3. Insufficient training data: Models may overfit when there is not enough data to learn from.

Now, here are two ways to reduce overfitting:

1. **Regularization techniques**: Regularization techniques can help reduce overfitting by adding a penalty term to the loss function to discourage the model from becoming too complex. Some common regularization techniques include:
	* L1 regularization: Adds a term to the loss function proportional to the absolute value of the model's weights.
	* L2 regularization: Adds a term to the loss function proportional to the square of the model's weights.
	* Dropout: Randomly sets a fraction of the model's weights to zero during training to prevent overfitting.
	* Early stopping: Stops training the model when the validation loss stops improving to prevent overfitting.
2. **Data augmentation and ensemble methods**: Data augmentation can help reduce overfitting by artificially increasing the size of the training dataset. This can be done by applying transformations to the existing data, such as rotating, scaling, or adding noise. Ensemble methods can also help reduce overfitting by combining the predictions of multiple models. Some common ensemble methods include:
	* Bagging: Trains multiple models on different subsets of the training data and combines their predictions.
	* Boosting: Trains multiple models sequentially, with each model trying to correct the errors of the previous model.
	* Stacking: Trains multiple models and combines their predictions using a meta-model.

By using these techniques, you can help reduce overfitting and improve the generalization performance of your machine learning models."
2026-09-28T18:35:12.735837,llama3.2:3b,4,Explain overfitting in machine learning and give two ways to reduce it.,2,0.7,120.14604196883738,38157.18970797025,487,12.803308382120518,"Overfitting is a common problem in machine learning that occurs when a model is too complex and fits the training data too closely, resulting in poor performance on new, unseen data. This happens when the model has too many parameters and is able to learn the noise and patterns in the training data, but fails to generalize well to other data.

In overfitting, the model is ""fitting"" the training data so closely that it becomes a perfect fit, but this comes at the cost of poor performance on new data. The model is essentially memorizing the training data, rather than learning a generalizable pattern.

Here are two ways to reduce overfitting:

1. **Regularization**: Regularization techniques can help prevent overfitting by adding a penalty term to the loss function that discourages large weights or complex models. There are several types of regularization, including:
	* L1 regularization (Lasso): adds a penalty term to the loss function that discourages large weights.
	* L2 regularization (Ridge): adds a penalty term to the loss function that discourages large weights, but with a different scaling than L1 regularization.
	* Dropout: randomly sets a fraction of the model's weights to zero during training, which helps prevent overfitting by forcing the model to learn more robust features.
2. **Data augmentation**: Data augmentation involves artificially increasing the size of the training dataset by applying transformations to the existing data, such as:
	* Rotation: rotating the images by a certain angle.
	* Scaling: scaling the images up or down.
	* Flipping: flipping the images horizontally or vertically.
	* Color jittering: changing the brightness, contrast, and saturation of the images.
By increasing the size of the training dataset, you can reduce overfitting by providing the model with more opportunities to learn from a larger, more diverse set of examples.

Additionally, other techniques to reduce overfitting include:

* Using a smaller model (e.g., fewer layers or fewer neurons)
* Using early stopping (stopping training when the model's performance on the validation set starts to degrade)
* Using batch normalization (normalizing the input data for each layer)
* Using transfer learning (using a pre-trained model as a starting point for your own model)

By using one or more of these techniques, you can help prevent overfitting and improve the performance of your machine learning model."
2026-09-28T18:35:48.565589,llama3.2:3b,4,Explain overfitting in machine learning and give two ways to reduce it.,3,0.7,115.4257080052048,35829.82629199978,449,12.571959564154621,"Overfitting is a common problem in machine learning where a model is too complex and fits the training data too closely, resulting in poor performance on new, unseen data. This occurs when the model is too flexible and can learn the noise in the training data, rather than the underlying patterns.

Here are some common causes of overfitting:

1. Model complexity: Using too many features or too complex models can lead to overfitting.
2. Small training dataset: With a small training dataset, the model may not have enough data to learn the underlying patterns, leading to overfitting.
3. Lack of regularization: Not using regularization techniques, such as L1 or L2 regularization, can lead to overfitting.

Signs of overfitting:

1. High training accuracy, but low test accuracy.
2. The model performs well on the training data, but poorly on new data.
3. The model is very complex, with many parameters.

Now, let's discuss two ways to reduce overfitting:

1. **Regularization**: Regularization techniques can help prevent overfitting by adding a penalty term to the loss function that discourages large weights. There are two common types of regularization:

a. **L1 Regularization (Lasso)**: L1 regularization adds a term to the loss function that is proportional to the absolute value of the weights. This encourages sparse models, where many weights are zero.

b. **L2 Regularization (Ridge)**: L2 regularization adds a term to the loss function that is proportional to the square of the weights. This encourages smaller weights, but can lead to over-regularization if the learning rate is too high.

2. **Data augmentation**: Data augmentation involves artificially increasing the size of the training dataset by applying transformations to the existing data. This can help prevent overfitting by:

a. Increasing the diversity of the training data.
b. Reducing the impact of noise in the data.

Examples of data augmentation techniques include:

* Rotation and flipping images.
* Adding noise to audio data.
* Increasing the resolution of images.

By using these techniques, you can reduce the risk of overfitting and improve the performance of your machine learning model."
2026-09-28T18:36:21.669713,llama3.2:3b,5,What is the purpose of a primary key in a relational database?,1,0.7,373.9666669862345,33166.725042043254,274,8.35550327502828,"The primary key in a relational database serves several purposes:

1. **Uniqueness**: The primary key ensures that each record in the table is unique. It prevents duplicate records from being inserted into the table, which helps maintain data integrity.
2. **Identifying rows**: The primary key uniquely identifies each row in the table, allowing for efficient retrieval and manipulation of data.
3. **Enforcing relationships**: The primary key can be used to establish relationships between tables, such as foreign keys, which enable data linking and manipulation across tables.
4. **Data consistency**: The primary key helps maintain data consistency by ensuring that each record is unique and can be identified independently.
5. **Query optimization**: The primary key can be used to optimize queries, such as when performing joins or aggregations, as it allows the database to quickly identify and retrieve specific rows.
6. **Data retrieval**: The primary key enables efficient retrieval of data, as it allows the database to quickly identify and retrieve specific rows based on the unique identifier.
7. **Data indexing**: The primary key can be used to create indexes, which can further optimize query performance by allowing the database to quickly locate specific rows.

In summary, the primary key is a critical component of a relational database, ensuring data uniqueness, identification, and consistency while also enabling efficient data retrieval, relationships, and query optimization."
2026-09-28T18:37:01.146745,llama3.2:3b,5,What is the purpose of a primary key in a relational database?,2,0.7,272.61466707568616,39458.82016699761,326,8.31925408038422,"The primary purpose of a primary key in a relational database is to uniquely identify each record in a table and provide a way to uniquely identify each record. A primary key is a column or set of columns that, when combined, uniquely identifies each row in a table.

The primary key serves several purposes:

1. Uniqueness: A primary key ensures that no two records in the table have the same value in the primary key column(s).
2. Identity: A primary key provides a unique identifier for each record, allowing for efficient retrieval and manipulation of data.
3. Integrity: A primary key helps to maintain data integrity by preventing duplicate records and ensuring that data is consistent across the database.
4. Data normalization: A primary key helps to normalize data, which is the process of organizing data into a structured format to minimize data redundancy and improve data consistency.

Some common characteristics of a primary key include:

* Uniqueness: Each value in the primary key column(s) must be unique.
* Not null: The primary key column(s) cannot contain null values.
* Non-redundant: The primary key does not allow for duplicate values.

Common types of primary keys include:

* Single column primary key: A single column that uniquely identifies each record.
* Composite primary key: A combination of two or more columns that uniquely identify each record.
* Surrogate primary key: A unique identifier generated by the database, often used in conjunction with a natural key.

In summary, the primary key is a critical component of a relational database, providing a unique identifier for each record and ensuring data integrity, uniqueness, and normalization."
2026-09-28T18:37:25.555636,llama3.2:3b,5,What is the purpose of a primary key in a relational database?,3,0.7,372.44149995967746,24403.805124922656,214,8.905029416545633,"The primary key in a relational database serves several purposes:

1. Uniqueness: A primary key ensures that each record in the table has a unique identifier, which prevents duplicate records from being inserted or updated.
2. Data integrity: Primary keys help maintain data consistency by preventing actions like deleting a record and then trying to insert a duplicate record with the same primary key value.
3. Data retrieval: Primary keys are used to identify and retrieve specific records from a table, making it easier to query and analyze data.
4. Data relationships: Primary keys can be used to establish relationships between tables, helping to maintain consistency and accuracy in data relationships.
5. Data security: Primary keys can be used to control access to data by limiting who can insert, update, or delete records.

In summary, the primary key is a critical component of a relational database that ensures data uniqueness, integrity, and retrieval, while also providing a foundation for data relationships and security.

In most cases, primary keys are also used as foreign keys in the database to establish relationships between different tables."
