timestamp,model,prompt_id,category,prompt,temperature,num_predict,ttft_ms,latency_ms,output_tokens,tokens_per_second,python_memory_mb,ollama_model_memory_mb,output,correctness_score,instruction_adherence_score,completeness_score,quality_score,notes
2026-09-30T00:29:29,mistral:7b-instruct-v0.3-q5_K_M,fact_001,factual,What is the purpose of an operating system?,0.0,256,1130.176250000659,81440.70158400064,256,3.187627013213183,15.0625,5231.015625," The primary purpose of an operating system (OS) is to manage and coordinate the activities of a computer system, acting as an intermediary between the user and the computer hardware. Here are some key functions of an operating system:

1. Process management: The OS manages the execution of multiple processes (programs) concurrently, allocating system resources like CPU time, memory, and I/O devices to each process.

2. Memory management: The OS is responsible for managing the computer's memory, including allocating and deallocating memory to processes, swapping out inactive processes to free up memory, and implementing virtual memory to allow a computer to use more memory than physically available.

3. File system management: The OS organizes and manages files and directories on the computer's storage devices, providing a logical structure for storing, retrieving, and organizing data.

4. Device management: The OS communicates with various hardware devices, such as printers, monitors, keyboards, and storage devices, and manages their resources.

5. Security and access control: The OS enforces security policies, such as user authentication, access control, and permissions, to protect",2,2,2,2.000,"[Automated judge] The model response fully addresses the question, providing a clear and detailed explanation of the operating system's purpose and key functions."
2026-09-30T00:29:53,mistral:7b-instruct-v0.3-q5_K_M,fact_002,factual,What is a primary key in a relational database?,0.0,256,1444.5392500001617,23634.850667000137,95,4.281147669122867,14.125,5227.203125," A primary key in a relational database is a unique identifier for each record in a table. It ensures that each record can be distinctly identified and accessed. The primary key must contain unique values and cannot be null. It is used as a reference in other tables to establish relationships (foreign keys). A table can have only one primary key, and it is usually composed of one or more columns. The primary key helps maintain data integrity and consistency within the database.",2,2,2,2.000,"[Automated judge] The model provides a clear and accurate definition of a primary key in a relational database, covering its purpose, characteristics, and importance in maintaining data integrity. The response directly addresses the question without unnecessary deviation, and it covers the essential information needed to answer the question."
2026-09-30T00:30:21,mistral:7b-instruct-v0.3-q5_K_M,fact_003,factual,What does HTTP stand for and what is it used for?,0.0,256,1402.5557089989888,28007.054542000333,106,3.984288547037508,14.390625,5227.703125," HTTP stands for Hypertext Transfer Protocol. It is a protocol used for transmitting hypertext requests and information on the World Wide Web. In simpler terms, it is the language that web browsers and servers use to communicate with each other. HTTP defines how messages are formatted and transmitted, and it specifies various methods (such as GET, POST, PUT, DELETE, etc.) for requesting and transferring resources (like web pages, images, videos, etc.) on the web.",2,2,2,2.000,"[Automated judge] The model provides a clear and accurate definition of HTTP, its purpose, and its usage. The response is well-structured and easy to understand."
2026-09-30T00:39:15,mistral:7b-instruct-v0.3-q5_K_M,fact_004,factual,What is the difference between supervised and unsupervised learning?,0.0,256,1430.2380419994734,204532.22674999962,256,1.2604504841557773,14.40625,5208.421875," Supervised learning and unsupervised learning are two main categories of machine learning, each with a distinct approach to data analysis.

1. Supervised Learning: In supervised learning, the algorithm learns from a labeled dataset. This means that the data provided to the algorithm includes both the input (features) and the correct output (label) for each example. The goal of the algorithm is to learn a mapping function from the input to the output based on the examples it is trained on. Once the model is trained, it can be used to make predictions on new, unseen data. Examples of supervised learning include classification (e.g., spam detection, image recognition) and regression (e.g., predicting house prices, stock prices).

2. Unsupervised Learning: In unsupervised learning, the algorithm learns from an unlabeled dataset. This means that the data provided to the algorithm only includes the input (features), and there are no corresponding labels. The goal of the algorithm is to find patterns, structure, or relationships within the data without any prior knowledge of what the output should look like. Common techniques in unsupervised learning include clustering (e.g., grouping similar data points together)",2,2,2,2.000,"[Automated judge] The model provides a clear and accurate definition of supervised and unsupervised learning, covering the key characteristics of each approach. The response is well-structured and easy to follow, directly addressing the question without unnecessary deviation."
2026-09-30T00:46:09,mistral:7b-instruct-v0.3-q5_K_M,fact_005,factual,What is the purpose of a compiler?,0.0,256,5756.233000000066,413557.7689590009,256,0.6277563408337371,13.53125,4800.703125," A compiler is a program that translates source code written in a high-level programming language into machine code or bytecode that can be executed directly by a computer. The purpose of a compiler is to convert the human-readable code written by programmers into a format that a computer can understand and execute. This allows programmers to write complex programs using high-level languages, which are easier to read, write, and maintain, rather than having to write programs in low-level languages like assembly language, which are closer to machine code and are more difficult to work with.

Compilers typically perform several tasks during the compilation process, including:

1. Lexical analysis: Breaking the source code into tokens, such as keywords, identifiers, operators, and literals.
2. Syntax analysis: Checking the structure of the program to ensure that it follows the rules of the programming language.
3. Semantic analysis: Checking the meaning of the program to ensure that it is valid and that it will produce the desired results.
4. Code generation: Translating the source code into machine code or bytecode that can be executed by a computer.
5. Optimization: Making the generated code more efficient by applying various",2,2,2,2.000,"[Automated judge] The model response fully addresses the question, providing a clear and accurate explanation of the purpose of a compiler. The response also covers the important tasks performed by a compiler, demonstrating a good understanding of the topic."
2026-09-30T00:47:38,mistral:7b-instruct-v0.3-q5_K_M,reason_001,reasoning,A system processes 100 requests per second and each request takes 0.2 seconds of processing time. Explain the relationship between throughput and processing time.,0.0,256,2106.5496660012286,89233.03954100084,256,2.938256784673447,12.890625,4734.453125," In this scenario, the system processes 100 requests per second, which means it can handle that many requests in one second. Each request takes 0.2 seconds to process, so the total time taken to process all 100 requests in a second is 100 * 0.2 = 20 seconds.

However, since the system can only process requests one at a time, it takes the full 20 seconds to process all 100 requests. The system can't start processing a new request until the current one is finished.

The relationship between throughput (100 requests per second) and processing time (0.2 seconds per request) is that the throughput is the number of requests that can be processed in one second, while the processing time is the time it takes to process one request. In this case, the system's throughput is 100 times higher than the processing time for a single request.

It's important to note that in real-world systems, the processing time for each request may vary, and the system's throughput may not always be 100 requests per second due to factors such as resource limitations, queueing",2,2,2,2.000,"[Automated judge] The model's conclusion that throughput is 100 times higher than processing time is correct, but the explanation could be more concise and focused on the relationship between throughput and processing time."
2026-09-30T00:49:12,mistral:7b-instruct-v0.3-q5_K_M,reason_002,reasoning,A database query becomes slower after millions of rows are added. Give a reasoned explanation of why this may happen.,0.0,256,1379.862374998993,94054.4976250003,256,2.7623523881093064,13.640625,4596.90625," Slower performance in a database query when dealing with millions of rows can be attributed to several factors:

1. **Inefficient Indexing**: Indexes help speed up data retrieval by allowing the database to find data quickly. However, when the database grows, indexes may become outdated or inefficient, causing slower query times.

2. **Table Fragmentation**: As data is added, deleted, and updated, the physical structure of the table can become fragmented. This means that the data is no longer stored contiguously, which can slow down read and write operations.

3. **Resource Constraints**: Larger databases consume more system resources such as memory, CPU, and disk I/O. If these resources are not sufficient, the database may become slower.

4. **Query Complexity**: More complex queries, such as those involving joins, subqueries, or aggregations, can take longer to execute on larger datasets.

5. **Locking and Concurrency**: In a multi-user environment, when multiple users are accessing the database simultaneously, locks may be placed on certain rows or tables. This can slow down query performance, especially on large datasets.

",2,2,2,2.000,"[Automated judge] The model provides a clear and logical explanation of the potential reasons for slower database query performance, addressing key factors such as indexing, table fragmentation, resource constraints, query complexity, and locking and concurrency. The response is well-structured and easy to follow, making it clear that the model has addressed the requested reasoning task."
2026-09-30T00:50:28,mistral:7b-instruct-v0.3-q5_K_M,reason_003,reasoning,A program works correctly on small inputs but becomes very slow on large inputs. Explain what this suggests about its algorithmic complexity.,0.0,256,1524.6167499990406,75413.2099999988,256,3.4646755167449457,13.203125,4822.421875," This behavior suggests that the program's algorithm has a time complexity that is not optimal for large inputs. In other words, the algorithm's running time grows faster than it should as the size of the input increases.

In computer science, we often analyze algorithms based on their time complexity, which is a measure of how the running time of an algorithm grows as the size of the input increases. Common notations for time complexity include O(1), O(log n), O(n), O(n log n), O(n^2), O(n^3), and so on, where n represents the size of the input.

For example, an algorithm with a time complexity of O(n) means that the running time grows linearly with the size of the input. An algorithm with a time complexity of O(n^2) means that the running time grows quadratically with the size of the input.

In the case of the program you described, it is likely that the algorithm has a time complexity that is higher than O(n), such as O(n^2) or even worse. This means that as the size of the input increases, the running time of the algorithm grows much faster than it should,",2,2,2,2.000,"[Automated judge] The model response provides a clear explanation of the algorithmic complexity and its implications, but it could benefit from more specific examples or a clearer conclusion."
2026-09-30T00:52:09,mistral:7b-instruct-v0.3-q5_K_M,reason_004,reasoning,A web application sends a request to a server and receives no response. Give several technically plausible causes and explain how you would isolate them.,0.0,256,1456.331457999113,100364.94504099937,256,2.58824778476118,13.46875,4792.828125," 1. Network Issues: The most common cause could be network-related problems such as connectivity issues, firewall settings, or DNS resolution errors. To isolate this, you can check the network connectivity between the client and the server, ping the server's IP address, and verify the DNS resolution.

2. Server Downtime: The server might be down due to maintenance, hardware failure, or software issues. You can check the server status by pinging the server, accessing it through a web browser, or using tools like 'curl' or 'wget' to send HTTP requests.

3. Application Errors: The application on the server might be experiencing errors that prevent it from responding to requests. This could be due to coding issues, database connection problems, or resource exhaustion. Analyzing the server logs can help identify application errors.

4. Load Balancer or Reverse Proxy Issues: If the application is behind a load balancer or reverse proxy, it might be misconfigured or experiencing issues that prevent requests from reaching the server. Checking the load balancer or reverse proxy logs and configuration can help identify these issues.

5. Firewall Rules:",2,2,2,2.000,"[Automated judge] The model provides a clear and logical explanation of the possible causes of a web application not receiving a response from a server. It also offers specific steps to isolate each cause, demonstrating a good understanding of the task."
2026-09-30T00:53:53,mistral:7b-instruct-v0.3-q5_K_M,reason_005,reasoning,A machine learning model performs very well on training data but poorly on unseen data. Explain what this suggests and why.,0.0,256,1509.1737089987873,104764.79195899992,256,2.479283978332067,13.5,5054.484375," This situation suggests that the machine learning model may be overfitting the training data. Overfitting occurs when a model learns the noise and outliers in the training data instead of the underlying patterns, and as a result, it performs well on the training data but poorly on new, unseen data.

Overfitting can happen when the model is too complex relative to the amount and complexity of the training data. In other words, if the model has too many parameters to learn from the available data, it may start to fit the noise rather than the underlying patterns.

To address overfitting, several strategies can be employed:

1. Regularization: This involves adding a penalty term to the loss function to discourage the model from assigning too much weight to any single feature.

2. Early stopping: This involves stopping the training process before the model starts to overfit the training data.

3. Increasing the amount of training data: If possible, gathering more data can help the model learn the underlying patterns better and reduce overfitting.

4. Simplifying the model: Reducing the complexity of the model, such as by reducing the number of layers or neurons in a neural network",2,2,2,2.000,"[Automated judge] The response fully addresses the requested reasoning task, explaining the concept of overfitting and providing several strategies to address it. The conclusion is supported by logical reasoning."
2026-09-30T00:54:29,mistral:7b-instruct-v0.3-q5_K_M,summary_001,summarization,Summarize this in two sentences: REST is an architectural style in which resources are identified by URLs and manipulated using standard HTTP methods. REST systems commonly emphasize stateless communication between client and server.,0.0,256,2296.753832999457,35565.84750000002,80,2.404634186934632,12.890625,4875.75," REST (Representational State Transfer) is an architectural style for web services, where resources are identified by unique URLs and managed using standard HTTP methods like GET, POST, PUT, and DELETE. Notably, REST systems prioritize stateless communication between client and server, meaning each request contains all necessary information and the server does not store session data between requests.",2,2,2,2.000,"[Automated judge] The model provides a clear and concise summary of the REST architectural style, accurately capturing its main ideas. The summary is within the requested length and adheres to the requested format."
2026-09-30T00:55:13,mistral:7b-instruct-v0.3-q5_K_M,summary_002,summarization,Summarize this in three bullet points: Indexes can improve database query performance by reducing the amount of data that must be scanned. They require additional storage and can increase the cost of writes because indexes may also need to be updated.,0.0,256,2214.6295410002494,43954.86254100069,127,3.0426279604140842,13.453125,5040.125," 1. Indexes enhance database query performance: By reducing the amount of data that needs to be scanned during a query, indexes can significantly speed up the retrieval of data.

2. Indexes require additional storage: To store indexes, additional disk space is needed, which can increase the overall size of the database.

3. Indexes can increase the cost of writes: Since indexes need to be updated whenever data is inserted, updated, or deleted, the cost of writes (insert, update, and delete operations) may increase due to the additional work required to maintain the indexes.",2,2,2,2.000,"[Automated judge] The model's summary accurately captures the main ideas of the original text, including the benefits and drawbacks of using indexes in databases."
2026-09-30T00:55:21,mistral:7b-instruct-v0.3-q5_K_M,summary_003,summarization,Summarize this paragraph in one sentence: Machine learning systems learn patterns from examples and use those learned patterns to make predictions or decisions on new inputs.,0.0,256,1641.0970830002043,8074.707583000418,23,3.574975513360536,13.546875,5121.0625, Machine learning systems identify patterns from given examples and apply those patterns to make predictions or decisions on unseen data.,2,2,2,2.000,"[Automated judge] The model's summary is faithful, adheres to the requested format, and preserves the main points without any material distortion."
2026-09-30T00:55:45,mistral:7b-instruct-v0.3-q5_K_M,summary_004,summarization,"Summarize in two sentences: A process has its own virtual address space, while threads within the same process normally share the process address space. Threads therefore have lower overhead for sharing data but require synchronization when accessing shared state.",0.0,256,2093.7572919992817,23193.74333400083,42,1.9905226437778192,14.015625,5094.859375," Threads within the same process share a common address space, reducing data-sharing overhead. However, due to concurrent access, synchronization is necessary to prevent conflicts when multiple threads modify shared state.",2,2,2,2.000,"[Automated judge] The model's summary accurately captures the main ideas of the original text, including the trade-off between data-sharing overhead and the need for synchronization in threads within the same process."
2026-09-30T00:56:41,mistral:7b-instruct-v0.3-q5_K_M,summary_005,summarization,Summarize in three bullet points: APIs allow software components to communicate. They define how requests and responses should be structured. Well-designed APIs make systems easier to integrate and maintain.,0.0,256,2067.423583001073,55749.40583300122,99,1.844194194226122,13.90625,4430.5625," 1. APIs (Application Programming Interfaces) facilitate communication between software components, enabling them to interact and exchange data.

2. APIs define the structure of requests and responses, specifying the format, data types, and expected responses for each interaction.

3. Well-designed APIs simplify system integration and maintenance by providing clear, consistent, and extensible interfaces, making it easier for developers to work with and build upon existing software systems.",2,2,2,2.000,[Automated judge] The model's summary accurately captures the main ideas and provides a clear and concise representation of the information. The requested format and length are fully respected.
2026-09-30T00:57:36,mistral:7b-instruct-v0.3-q5_K_M,instruction_001,instruction_following,Answer using exactly three bullet points. Explain what Docker is.,0.0,256,1420.6932920005784,54734.02158300087,87,1.6318621025708178,13.0,4353.96875," - Docker is an open-source platform that automates the deployment, scaling, and management of applications.

- It uses containerization technology to package an application and its dependencies into a single unit, making it easier to run the application consistently across different environments.

- Docker containers are lightweight, portable, and isolated, allowing multiple applications to run on the same host without interfering with each other.",2,2,2,2.000,"[Automated judge] The model response fully explains the concept of Docker, covering its core features and benefits. The response is concise and adheres to the requested format."
2026-09-30T00:57:56,mistral:7b-instruct-v0.3-q5_K_M,instruction_002,instruction_following,Answer in exactly two sentences. Explain what a database transaction is.,0.0,256,1254.876166000031,20494.75558300037,54,2.8066703969197255,13.09375,5094.734375," A database transaction is a logical unit of work that contains one or more SQL statements, executed in a logical order, designed to maintain database consistency. It ensures that all operations within the transaction are completed successfully or none of them are, to prevent data inconsistencies.",2,2,2,2.000,"[Automated judge] The model response fully explains what a database transaction is, adhering to the requested format and providing a clear definition. The response is concise and accurate, satisfying all explicit constraints."
2026-09-30T00:59:13,mistral:7b-instruct-v0.3-q5_K_M,instruction_003,instruction_following,Give exactly four differences between TCP and UDP.,0.0,256,1157.4062920008146,76448.196542,256,3.4001502594137367,13.46875,5115.1875," 1. Connection-Oriented vs Connectionless: TCP (Transmission Control Protocol) is a connection-oriented protocol, which means it establishes a reliable, ordered, and full-duplex connection between the sender and receiver before data transfer. On the other hand, UDP (User Datagram Protocol) is a connectionless protocol, which means it does not establish a connection before data transfer; instead, it sends individual datagrams (packets) independently.

2. Error Checking and Correction: TCP includes error checking and correction mechanisms, such as sequence numbers, acknowledgments, and retransmission of lost or corrupted packets. UDP, however, does not provide these features, making it faster but less reliable than TCP.

3. Flow Control and Congestion Control: TCP includes flow control and congestion control mechanisms to prevent the sender from overwhelming the receiver and the network. These mechanisms ensure that data is sent at a rate that the receiver can handle and that the network is not congested. UDP does not have these mechanisms, which can lead to higher throughput but also increased risk of packet loss and network congestion.

4. Packet Ordering: TCP guarantees the",2,2,2,2.000,"[Automated judge] The model response provides four differences between TCP and UDP, but the fourth point is incomplete. It should mention that TCP guarantees packet ordering, whereas UDP does not."
2026-09-30T00:59:50,mistral:7b-instruct-v0.3-q5_K_M,instruction_004,instruction_following,Explain recursion using exactly one analogy and no more than five sentences.,0.0,256,1241.3985000002867,37354.90150000078,128,3.5443806157491355,13.6875,5073.578125," Recursion is like a nesting doll set, where each doll (function call) contains a smaller version of itself (recursive call). The outermost doll (base case) is the largest and unique, while the smaller ones (recursive calls) gradually decrease in size until they reach the smallest, which is the base case that ends the recursion. Each doll (function call) is slightly different from the one before it, until the base case is reached, at which point the process reverses and the dolls (function calls) are assembled back together in the reverse order, resulting in the final solution.",2,2,2,2.000,"[Automated judge] The response fully explains recursion using exactly one analogy and no more than five sentences, and it adheres to the requested format."
2026-09-30T00:59:56,mistral:7b-instruct-v0.3-q5_K_M,instruction_005,instruction_following,"Return exactly five keywords related to machine learning, separated by commas.",0.0,256,1231.3434579991736,6013.828707998982,19,3.9728298168825007,13.828125,5120.359375," Artificial Intelligence, Neural Networks, Algorithms, Data Mining, Deep Learning",2,2,2,2.000,"[Automated judge] The response contains exactly five keywords related to machine learning, separated by commas, and adheres to the requested format."
2026-09-30T01:00:00,mistral:7b-instruct-v0.3-q5_K_M,class_001,classification,"Classify the following as programming language, database, or operating system: Python.",0.0,256,1083.064790998833,3086.2872500001686,7,3.4943697683430037,14.15625,5120.8125, Python is a programming language.,2,2,2,2.000,"[Automated judge] The response correctly identifies Python as a programming language, but it does not provide a classification label (e.g., 'programming language')."
2026-09-30T01:00:12,mistral:7b-instruct-v0.3-q5_K_M,class_002,classification,"Classify the following as programming language, database, or operating system: PostgreSQL.",0.0,256,936.6005419997236,12247.755333000896,48,4.243598543818657,14.109375,5123.765625," Database. PostgreSQL is a powerful, open-source object-relational database management system (ORDBMS) that uses and extends the SQL language combined with many features that safely store and scale the most complicated data workloads.",2,2,2,2.000,"[Automated judge] The model response correctly classifies PostgreSQL as a database, but it provides additional information that is not requested in the prompt."
2026-09-30T01:00:26,mistral:7b-instruct-v0.3-q5_K_M,class_003,classification,"Classify the following as programming language, database, or operating system: Linux.",0.0,256,688.1633329994656,14414.806582999518,57,4.1525082980502015,14.109375,5122.375," Linux is an operating system. It is a free and open-source operating system based on Unix and provides a popular choice for servers, desktop computers, and other devices. Linux is not a programming language or a database, but it can run various programming languages and databases.",2,2,2,2.000,"[Automated judge] The model correctly classifies Linux as an operating system, but does not provide a clear distinction between the different categories (programming language, database, or operating system)."
2026-09-30T01:00:28,mistral:7b-instruct-v0.3-q5_K_M,class_004,classification,"Classify the following sentiment as positive, negative, or neutral: The application is easy to use and performs reliably.",0.0,256,1037.8395419993467,1578.3139169998321,3,5.550679437849954,15.796875,5136.390625, Positive,2,2,2,2.000,"[Automated judge] The model response is entirely correct, adheres to the requested format, and provides the required classification."
2026-09-30T01:00:29,mistral:7b-instruct-v0.3-q5_K_M,class_005,classification,"Classify the following sentiment as positive, negative, or neutral: The service failed repeatedly and caused significant delays.",0.0,256,747.4315830004343,1213.4845410000707,3,6.437036711184956,17.75,5136.390625, Negative,2,2,2,2.000,"[Automated judge] The model correctly classified the sentiment as negative, but the instruction adherence score could be improved as the response does not explicitly state the classification (e.g., 'Negative', 'Negative', or 'Negative:')."
2026-09-30T01:00:38,mistral:7b-instruct-v0.3-q5_K_M,extract_001,information_extraction,"Extract the person name, role, and company from this text: 'Ananya Sharma joined Acme Technologies as a Software Engineer.'",0.0,256,1434.1167910006334,8926.548833000197,23,3.069764246251583,16.6875,5127.296875," Person Name: Ananya Sharma

Role: Software Engineer

Company: Acme Technologies",2,2,2,2.000,"[Automated judge] The model extracted all requested information correctly, including person name, role, and company."
2026-09-30T01:00:45,mistral:7b-instruct-v0.3-q5_K_M,extract_002,information_extraction,"Extract the programming languages from this text: 'The project uses Python, JavaScript, and SQL for its backend and data processing.'",0.0,256,1504.5451670011971,6612.127292000878,16,3.132597696606004,13.90625,4873.078125," The programming languages mentioned in the text are Python, JavaScript, and SQL.",2,2,2,2.000,"[Automated judge] The model extracted all the requested programming languages (Python, JavaScript, and SQL) correctly, and presented them in a straightforward manner. The response fully satisfies the instruction to extract the programming languages from the given text."
2026-09-30T01:00:53,mistral:7b-instruct-v0.3-q5_K_M,extract_003,information_extraction,"Extract the three technologies from this text: 'The application uses FastAPI, PostgreSQL, and Redis.'",0.0,256,1405.8147919986368,8039.194166998641,27,4.070323506862591,14.109375,5054.78125," The three technologies mentioned in the text are:

1. FastAPI
2. PostgreSQL
3. Redis",2,2,2,2.000,[Automated judge] The model correctly extracted the three technologies mentioned in the text. The response is in a usable form and includes all requested information.
2026-09-30T01:00:59,mistral:7b-instruct-v0.3-q5_K_M,extract_004,information_extraction,Extract the product name and version from this text: 'The team upgraded the application to Local Assistant version 2.1.',0.0,256,1099.1221250005765,5344.08195800097,18,4.240322808255494,13.953125,5088.34375, The product name is 'Local Assistant' and the version is '2.1'.,2,2,2,2.000,"[Automated judge] The model extracted the product name and version correctly, and provided them in a usable form. The response is concise and accurate."
2026-09-30T01:01:09,mistral:7b-instruct-v0.3-q5_K_M,extract_005,information_extraction,"Extract the city, country, and year from this text: 'The conference was held in Bengaluru, India, in 2025.'",0.0,256,1488.6284170006547,9663.734792000469,20,2.4464513466346736,13.890625,5120.34375," City: Bengaluru

Country: India

Year: 2025",2,2,2,2.000,"[Automated judge] The model extracted all requested information correctly, but the response format is not in a usable form. It would be more helpful if the response was in a structured format, such as a table or a list, to make it easier to read and understand."
2026-09-30T01:02:49,mistral:7b-instruct-v0.3-q5_K_M,code_001,coding,Write a Python function that returns the maximum value in a list of integers.,0.0,256,1175.0686670002324,99859.16037500101,158,1.601068594394229,13.609375,5123.265625," Here is a simple Python function that returns the maximum value in a list of integers:

```python
def find_max(numbers):
    return max(numbers)
```

You can use this function like this:

```python
numbers = [1, 5, 2, 8, 3, 7]
max_number = find_max(numbers)
print(max_number)  # Output: 8
```

The `max()` function in Python returns the largest item in an iterable or the largest of two or more arguments. It's a built-in function, so you don't need to import anything to use it.",2,2,2,2.000,[Automated judge] The code correctly solves the task and adheres to the requested language and requirements. The solution is complete and includes all required code behavior.
2026-09-30T01:04:06,mistral:7b-instruct-v0.3-q5_K_M,code_002,coding,Write a Python function that checks whether a string is a palindrome.,0.0,256,1062.6693340000202,77359.31991699908,256,3.355324225163872,13.453125,5123.28125," Here is a simple Python function that checks if a string is a palindrome:

```python
def is_palindrome(s):
    s = s.lower()
    s = ''.join(c for c in s if c.isalnum())
    return s == s[::-1]
```

This function works as follows:

1. It converts the input string to lowercase.
2. It removes non-alphanumeric characters from the string.
3. It checks if the cleaned string is equal to its reverse (which is done using the slicing syntax `[::-1]`).

You can use this function like this:

```python
print(is_palindrome(""A man, a plan, a canal: Panama""))  # True
print(is_palindrome(""hello world""))  # False
```

This function assumes that spaces and punctuation do not matter for palindromes. If you want to treat spaces as significant, you can modify the function to split the string on spaces, check each word individually, and then join the words back together before comparing with the",2,2,2,2.000,[Automated judge] The model response correctly solves the task and adheres to the requested language and requirements. The code is technically correct and includes all required functionality.
2026-09-30T01:04:42,mistral:7b-instruct-v0.3-q5_K_M,code_003,coding,Write a SQL query that returns the number of employees in each department from an employees table containing department_id.,0.0,256,1390.028791000077,35502.862290999474,128,3.7522535323840005,13.46875,4778.46875," Assuming you have a table named `employees` with columns `employee_id`, `name`, and `department_id`, the SQL query to get the number of employees in each department would look like this:

```sql
SELECT department_id, COUNT(employee_id) as employee_count
FROM employees
GROUP BY department_id;
```

This query groups the records by the `department_id` column and counts the number of unique `employee_id` values for each group, providing the number of employees in each department.",2,2,2,2.000,"[Automated judge] The provided SQL query correctly solves the task and adheres to the requested format. It includes all required code behavior, grouping the records by department_id and counting the number of unique employee_id values for each group."
2026-09-30T01:06:01,mistral:7b-instruct-v0.3-q5_K_M,code_004,coding,Write a Python function that counts the frequency of each element in a list.,0.0,256,1734.9669999985053,79052.65220799993,256,3.311014799671048,13.359375,4882.625," Here is a Python function that counts the frequency of each element in a list using a dictionary:

```python
def count_elements(lst):
    element_count = {}
    for element in lst:
        if element in element_count:
            element_count[element] += 1
        else:
            element_count[element] = 1
    return element_count

# Example usage:
numbers = [1, 1, 2, 2, 3, 3, 3, 4, 4, 4, 4]
print(count_elements(numbers))
```

In this example, the function `count_elements` takes a list as an argument and returns a dictionary where the keys are the unique elements in the list, and the values are the frequencies of those elements. The function iterates through the list, checks if the current element is already in the dictionary, and if so, increments its count. If the element is not in the dictionary yet, it adds the element with a count of 1.

The example usage demonstrates the function being applied to a list of numbers, but it",2,2,2,2.000,"[Automated judge] The model response correctly solves the task, uses Python as requested, and includes all required code behavior."
2026-09-30T01:07:22,mistral:7b-instruct-v0.3-q5_K_M,code_005,coding,Write a SQL query that returns customers whose total order value is greater than 10000.,0.0,256,1377.5779160005186,81009.67695799955,256,3.2147840265391245,13.5625,5000.296875," To write a SQL query that returns customers whose total order value is greater than 10,000, we first need to assume that there are two tables: `orders` and `customers`. The `orders` table contains the order details, and the `customers` table contains customer information.

Assuming that the `orders` table has the following columns: `order_id`, `customer_id`, `order_value`, and the `customers` table has the columns: `customer_id`, `customer_name`, we can write the following SQL query:

```sql
SELECT customers.customer_name
FROM customers
JOIN (
    SELECT customer_id, SUM(order_value) as total_order_value
    FROM orders
    GROUP BY customer_id
) AS orders_summary
ON customers.customer_id = orders_summary.customer_id
WHERE orders_summary.total_order_value > 10000;
```

This query first calculates the total order value for each customer by joining the `customers` table with a subquery that calculates the sum of `order_value`",2,2,2,2.000,[Automated judge] The model correctly solves the task and adheres to the requested language/format. The solution includes all required code behavior.
2026-09-30T01:08:32,mistral:7b-instruct-v0.3-q5_K_M,json_001,structured_output,"Describe a REST API using structured fields for its name, purpose, and three characteristics.",0.0,256,1414.043707998644,69518.05283299836,256,3.7589563858146957,12.984375,5126.3125," API Name: Weather Forecast API

Purpose: The Weather Forecast API provides real-time and forecasted weather data for various locations worldwide. It aims to help developers integrate weather information into their applications, websites, or services.

Characteristics:

1. Data Format: The API returns weather data in JSON format, making it easy for developers to parse and use the data in their applications.

2. Location Coverage: The API supports a wide range of locations, including cities, towns, and even specific coordinates. Users can search for weather data by entering a location name or using its latitude and longitude.

3. Extensive Data Points: The API provides a variety of weather data points, such as temperature, humidity, wind speed, precipitation, and air pressure. It also offers forecasts for up to 10 days, allowing users to plan their activities accordingly.

4. API Key Authentication: To ensure fair usage and prevent abuse, the API requires an API key for authentication. Developers can obtain an API key by registering on the API provider's website.

5. Real-time Updates: The API updates weather data in real-time, ensuring",2,2,2,2.000,"[Automated judge] The response provides a clear and accurate description of a REST API, including its name, purpose, and characteristics. The API name, purpose, and characteristics are all present and correctly described."
2026-09-30T01:11:43,mistral:7b-instruct-v0.3-q5_K_M,json_002,structured_output,"Describe a database index using structured fields for its definition, benefits, and limitations.",0.0,256,1506.027957999322,191045.45470799896,256,1.3506424725957473,13.78125,5126.328125," A database index is a data structure that improves the speed of data retrieval operations on a database table. It works by allowing the database to find and retrieve specific data rows more quickly, without having to scan through the entire table. Here's a structured definition, benefits, and limitations of a database index:

**Definition:**

A database index is a structured collection of data that complements the actual data in a table. It contains one or more columns of the table, and each index entry includes the data value and a pointer to the location of the data in the table. Indexes are created on one or more columns of a table to speed up data retrieval operations, such as SELECT, JOIN, and sorting.

**Benefits:**

1. Faster data retrieval: Indexes allow the database to quickly locate specific data rows based on the indexed column(s), reducing the time required to scan through the entire table.

2. Improved query performance: Indexes can significantly improve the performance of complex queries, especially those involving multiple tables or large amounts of data.

3. Enhanced data integrity: Indexes can be used to enforce unique constraints on columns, ensuring data integrity",2,2,2,2.000,"[Automated judge] The response provides a clear and structured definition, benefits, and limitations of a database index. It adheres to the required format and includes all necessary fields."
2026-09-30T01:15:56,mistral:7b-instruct-v0.3-q5_K_M,json_003,structured_output,"Describe supervised learning using structured fields for definition, inputs, and example.",0.0,256,7294.523582999318,252451.12516599876,256,1.0442304973514225,13.515625,4630.09375," Supervised learning is a machine learning method where the model is trained on a labeled dataset. The goal is to learn a mapping function from input data (features) to an output label (target variable). In supervised learning, the learning algorithm uses examples (input-output pairs) to learn the relationship between the input and output, and then uses this learned relationship to make predictions on new, unseen data.

In the context of structured fields, we can define the following:

1. Definition: Supervised learning with structured fields refers to a machine learning approach where the input data consists of structured fields (i.e., data organized in a tabular format with rows representing instances and columns representing features). The output label can also be a structured field, such as a vector or a matrix.

2. Inputs: The inputs in supervised learning with structured fields are the structured data instances. Each instance is represented as a row in a table, with each column representing a feature. For example, consider a dataset of customer transactions, where each row represents a transaction and the columns represent features such as transaction amount, transaction date, customer ID, product ID, etc.

3. Example: An example of supervised learning with structured fields could be",2,2,2,2.000,"[Automated judge] The model response provides a clear and accurate definition, inputs, and example of supervised learning using structured fields. The response fully satisfies the required structure and semantic content."
2026-09-30T01:17:48,mistral:7b-instruct-v0.3-q5_K_M,json_004,structured_output,"Describe Docker using structured fields for purpose, main concept, and one example use case.",0.0,256,1554.87041699962,111996.61045799985,256,2.3179642036150727,12.90625,4863.59375," **Docker** is an open-source platform used for automating the deployment, scaling, and management of applications within containers.

**Purpose:**
- To provide a lightweight, portable, and isolated environment for applications and their dependencies.
- To simplify the process of application deployment and management across different environments (development, testing, production).
- To improve application portability, scalability, and efficiency by reducing the complexity and overhead associated with traditional virtualization methods.

**Main Concept:**
- Containers: Docker containers are lightweight, standalone, and executable packages that include an application and its dependencies. They share the same operating system kernel, making them more resource-efficient than virtual machines.
- Docker Images: Docker images are read-only templates that contain the files and instructions needed to create a Docker container. They can be built, shared, and run on any system that has Docker installed.
- Docker Hub: A cloud-based registry service that allows users to share and discover Docker images. It provides a centralized repository for storing and distributing Docker images, making it easier to deploy applications consistently across different environments.

**Example Use Case:**",2,2,2,2.000,"[Automated judge] The model response provides a clear and structured description of Docker, including its purpose, main concept, and example use case. The response is semantically correct and fully satisfies the required fields."
2026-09-30T01:19:20,mistral:7b-instruct-v0.3-q5_K_M,json_005,structured_output,"Describe a software API using structured fields for consumer, provider, and communication method.",0.0,256,1327.8421659997548,91812.92491599925,256,2.829195622302743,13.53125,4539.328125," Title: Software API Description

1. API Name: WeatherDataAPI

2. Consumer:
   - Name: Weather Application Developers
   - Description: Developers who create weather applications for various platforms (mobile, web, smart home devices, etc.)
   - Role: Consume the API to fetch weather data for their applications

3. Provider:
   - Name: WeatherDataAPI Provider
   - Description: A company that collects, processes, and maintains weather data from various sources
   - Role: Offer the API to share weather data with authorized consumers

4. Communication Method:
   - Name: RESTful API
   - Description: A set of stateless protocols that define a standard format for how clients and servers communicate over the web
   - Endpoints:
     - GET /weather?city=<city_name>&country=<country_code> - Retrieve current weather data for a specific city
     - GET /forecast?city=<city_name>&country=<country_code>&days=<number_of_days> - Retrieve weather forecast for a specific city for a specified number of days",2,2,2,2.000,"[Automated judge] The response accurately describes a software API using structured fields for consumer, provider, and communication method. The format and content are consistent with the required structure and fields."
