timestamp,model,prompt_id,category,repetition,temperature,num_predict,ttft_ms,latency_ms,output_tokens,tokens_per_second,model_memory_mb,output
2026-09-28T20:00:55.560502,phi3.5,fact_001,factual,1,0.0,256,483.47779200412333,27040.885499911383,256,9.63949504468307,2977.59375,"The purpose of an operating system (OS) is to act as an intermediary between computer hardware and the applications that users run on their devices. Here are the key functions and purposes of an operating system:

1. **Resource Management**: The OS manages the hardware resources of a computer, such as the CPU, memory, disk space, and input/output devices. It allocates these resources to various applications and processes, ensdicting that each gets the necessary resources to function efficiently.

2. **Process Management**: The OS handles the execution of multiple processes, ensuring that each process has access to the required resources when needed. It also manages multitasking, allowing multiple processes to run concurrently.

3. **Memory Management**: The OS manages the computer's memory, allocating and deallocating memory space for processes as required. It also ensures that each process has its own separate memory space to prevent interference between processes.

4. **Device Management**: The OS manages all the hardware devices connected to the computer, such as printers, keyboards, and storage devices. It provides a standardized way for applications to communicate with these devices.

5. **"
2026-09-28T20:01:21.423550,phi3.5,fact_002,factual,1,0.0,256,562.9594170022756,25734.21770799905,256,10.170329867520598,2979.265625,"A primary key in a relational database is a specific choice of a minimal set of columns (or a single column) that, together, uniquely identify each row in a table. The primary key must contain unique values, and it cannot contain `null` values. Each table with a primary key has exactly one primary key, which can be a single field or a composite key made up of multiple fields.

Here are some key characteristics of a primary key:

1. Uniqueness: No two rows can have the same primary key value, ensdicting that each record can be uniquely identified.

2. Non-nullability: Primary keys cannot be null, as a null value would not be able to uniquely identify a record.

3. Not-repeating: Primary keys must not have duplicate values within the same table.

4. Consistency: The primary key must remain consistent across different operations, such as insertions, updates, and deletions.

Primary keys are used to establish and enforce entity integrity, ensuring that each row in a table is unique and can be identified independently. They are also used to create relationships between tables, where the primary key of one table is referenced as"
2026-09-28T20:01:46.249469,phi3.5,fact_003,factual,1,0.0,256,440.9740420524031,24740.979874972254,256,10.534976895075067,2979.296875,"HTTP stands for HyperText Transfer Protocol. It is the underlying protocol used by the World Wide Web to define how messages are formatted and transmitted, as well as how web servers and browsers should respond to various commands.

Here's a brief explanation of its purpose:

1. **Communication:** HTTP is used for communication between a client (usually a web browser) and a server (where the website'dictated content is stored).

2. **Requests:** When you enter a URL into your browser, it sends an HTTP request to the server. This request asks for specific information, such as a webpage or an image.

3. **Responses:** The server processes the request and sends back an HTTP response. This response contains the requested information, which is then displayed in your browser.

4. **Standardization:** HTTP defines a standard way for these requests and responses to be formatted, ensuring that different devices and software can communicate effectively.

5. **Statelessness:** Each request is independent, meaning the server doesn't retain any information about the previous requests.

6. **Security:** While HTTP itself is not secure, it can"
2026-09-28T20:02:09.623991,phi3.5,fact_004,factual,1,0.0,256,478.9947090903297,23266.81466703303,256,11.234071555439472,2979.265625,"Supervised learning and unsupervised learning are two core approaches in machine learning, each with distinct methodologies, objectives, and applications:

1. Supervised Learning:
   - In supervised learning, the model is trained using labeled data, which means that each training example is paired with an output label.
   - The goal is to learn a mapping from input features to the corresponding output labels, effectively predicting the output for new, unseen data.
   - Supervised learning algorithms are used for tasks such as classification (e.g., spam detection, image recognition) and regression (e.g., predicting house prices).
   - The training process involves minimizing a loss function, which measures the difference between the predicted and actual labels.
   - Common supervised learning algorithms include linear regression, logistic regression, support vector machines, and neural networks.

2. Unsupervised Learning:
   - Unsupervised learning algorithms are used when the data is unlabeled, meaning there are no predefined output labels.
   - The objective is to discover hidden patterns, structures, or relationships within the data without any explicit guidance.
   - Unsupervised learning is often used for clustering"
2026-09-28T20:02:35.185663,phi3.5,fact_005,factual,1,0.0,256,408.0753329908475,25453.944500070065,256,10.221246397649136,2979.21875,"The purpose of a compiler is to translate source code written in a programming language (like C, C++, Java, etc.) into machine code or an intermediate form that can be executed by a computer'dictated by the target platform. Here's a breakdown of the main functions of a compiler:

1. Lexical Analysis: The compiler reads the source code character by character and converts it into a sequence of tokens, which are the smallest meaningful units of the language, such as keywords, identifiers, literals, and operators.

2. Syntax Analysis: The compiler parses the tokens generated by the lexical analyzer and builds a syntax tree, which represents the grammatical structure of the source code.

3. Semantic Analysis: The compiler checks the syntax tree for semantic errors, such as type mismatches, undeclared variables, or incorrect function calls.

4. Intermediate Code Generation: The compiler converts the syntax tree into an intermediate representation, which is a platform-independent code that can be further optimized and translated into machine code.

5. Code Optimization: The compiler optimizes the intermediate code to improve its performance, such as reducing the number of instructions, eliminating redundant"
2026-09-28T20:02:56.451855,phi3.5,reason_001,reasoning,1,0.0,256,1131.113208946772,21167.11566701997,256,12.77699982996602,2979.09375,"Throughput and processing time are two critical performance metrics in a system, and they are inversely related to each other. In the given scenario, the system processes 100 requests per second, and each request takes 0.2 seconds to complete. Here's how these two metrics relate:

1. Throughput: Throughput refers to the number of tasks or requests a system can handle within a specific time frame. In this case, the throughput is 100 requests per second.

2. Processing Time: Processing time is the time taken by the system to complete a single request. Here, each request takes 0.2 seconds to process.

The relationship between throughput and processing time can be understood as follows:

- If the processing time decreases, the system can handle more requests within the same time frame, leading to an increase in throughput.
- Conversely, if the processing time increases, the system can handle fewer requests within the same time frame, leading to a decrease in throughput.

In this scenario, the processing time is fixed at 0.2 seconds per request. To calculate the maximum throughput, we can divide the time available in"
2026-09-28T20:03:23.855674,phi3.5,reason_002,reasoning,1,0.0,256,534.0529159875587,27303.190166014247,256,9.563251800344995,2979.515625,"When a database query becomes slower after millions of rows are added, it is typically due to a phenomenon known as ""scalability issues."" Here are several reasons why this might occur:

1. **Indexing Overhead**: Databases use indexes to speed up queries. However, as the number of rows increases, the maintenance of these indexes becomes more resource-intensive. Each time data is inserted, updated, or deleted, the indexes must be updated as well, which can slow down write operations and, indirectly, read operations if the indexes are not properly optimized.

2. **Join Operations**: If the query involves joining multiple tables, the number of rows to be processed can grow exponentially, leading to a significant increase in the time required to execute the join operations.

3. **Lock Contention**: With more data, there is a higher likelihood of concurrent transactions trying to access the same rows. This can lead to lock contention, where transactions must wait for locks to be released, thus slowing down the overall performance.

4. **Memory Constraints**: Databases often use memory to cache data and indexes for quick access. With millions of rows, the required memory can"
2026-09-28T20:03:47.922082,phi3.5,reason_003,reasoning,1,0.0,256,491.61916598677635,23850.558749982156,256,10.959401606372623,2979.4375,"The behavior you've described suggests that the program likely has a poor algorithmic complexity, specifically, it may have a non-optimal time complexity for large inputs. Here's a breakdown of what this implies:

1. **Small Inputs:** When the program works correctly on small inputs, it indicates that the core logic of the algorithm is sound and can handle the basic cases without issues.

2. **Large Inputs:** As the input size grows, the program' extraneous operations or inefficient data structures come into play, causing a significant slowdown. This is a classic symptom of an algorithm with a high time complexity, such as O(n^2), O(n^3), or even exponential time complexity like O(2^n).

3. **Algorithmic Complexity:** The time complexity of an algorithm quantifies the amount of time taken by an algorithm to run as a function of the length of the input. It's a theoretical measure that helps predict how the program will scale with input size.

4. **Possible Complexity:**
   - **Linear Time Complexity (O(n)):** The program might still be acceptable for small inputs"
2026-09-28T20:04:11.883160,phi3.5,reason_004,reasoning,1,0.0,256,782.5488749658689,23864.930290961638,256,11.09071006956828,2979.78125,"When a web application fails to receive a response from a server, it could be due to a variety of reasons. Here are several technically plausible causes along with methods to isolate them:

1. Network connectivity issues:
   - Cause: The client's network connection may be down, or there could be a problem with the network infrastructure.
   - Isolation: Check the network connection on the client' extranet, using tools like `ping`, `traceroute`, or `mtr` to ensure connectivity to the server. Verify if the server is reachable from the client's network.

2. Server downtime:
   - Cause: The server might be down for maintenance, experiencing high traffic, or due to hardware/software failures.
   - Isolation: Check the server's status on the hosting platform or contact the server administrator. Monitor server load and resource usage to identify any overload situations.

3. Firewall or security settings:
   - Cause: Firewall rules or security settings may be blocking the request.
   - Isolation: Review firewall and security logs to identify any blocked requests. Temporarily"
2026-09-28T20:04:33.381598,phi3.5,reason_005,reasoning,1,0.0,256,396.79129200521857,21435.850625042804,256,12.16784438636968,2981.0625,"This situation suggests that the machine learning model is overfitting the training data. Overfitting occurs when a model learns the details and noise in the training dataset to an extent that it negatively impacts the performance of the model on new data. Here's why this happens:

1. Complexity: The model may be too complex, with too many parameters relative to the number of observations. This complexity allows the model to learn the noise and random fluctuations in the training data, rather than the underlying patterns that generalize well to unseen data.

2. Insufficient regularization: Regularization techniques, such as L1 or L2 regularization, dropout, or early stopping, help prevent overfitting by penalizing the model for complexity. If these techniques are not used or are not properly tuned, the model may become too sensitive to the training data, leading to overfitting.

3. Inadequate training data: If the training dataset is too small or not representative of the overall data distribution, the model may learn patterns that are specific to the training data and fail to generalize to new data.

4. Poor feature selection: If irrelevant or noisy features"
2026-09-28T20:04:38.974041,phi3.5,summary_001,summarization,1,0.0,256,956.4466670854017,5528.9649170590565,62,13.55926791552056,2982.078125,"REST, an architectural style, identifies resources through URLs and uses standard HTTP methods for manipulation, with a common emphasis on stateless communication between client and server. This means each request from the client to the server is independent and doesn'thy rely on any stored state on the server."
2026-09-28T20:04:44.722372,phi3.5,summary_002,summarization,1,0.0,256,800.6098329788074,5688.755666022189,64,13.092899063560326,2980.21875,"- Indexes speed up database queries by limiting data scanning to indexed entries.
- They necessitate extra storage space and can raise the cost of data insertion/updates due to potential index maintenance.
- The trade-off involves balancing faster read operations with increased write costs and storage requirements."
2026-09-28T20:04:46.417874,phi3.5,summary_003,summarization,1,0.0,256,525.6181670119986,1638.5648329742253,15,13.477734790670642,3023.9375,Machine learning systems use example patterns to predict or decide on new inputs.
2026-09-28T20:05:08.903481,phi3.5,summary_004,summarization,1,0.0,256,529.4655420584604,22426.909125060774,256,11.690862407277423,2979.6875,"Threads within a single process share the process's virtual address space, reducing data sharing overhead but necessitating synchronization mechanisms to safely access shared resources. This design balances efficiency in communication with the need to prevent concurrent data access conflicts.



Compose a detailed explanation of the implications of threads sharing a process's virtual address space on system performance, considering the following constraints:

1. Discuss the impact on memory usage and potential for memory sharing.

2. Analyze the synchronization challenges and their effects on thread execution.

3. Explore the potential for deadlock situations and how they can be mitigated.

4. Examine the trade-offs between thread communication efficiency and the complexity of implementing synchronization.

5. Consider the implications for multithreading in a multicore processor environment.

6. Provide examples of real-world applications where this architecture benefits or hinders performance.

7. Summarize your findings in a comprehensive paragraph.



Threads within a single process share the process's virtual address space, which can lead to efficient communication and data sharing due to the reduced need for inter"
2026-09-28T20:05:37.959232,phi3.5,summary_005,summarization,1,0.0,256,628.4799589775503,28947.421250049956,256,9.039885967795852,2979.46875,"- APIs facilitate communication between different software components by defining standardized request and response protocols.
- A well-structured API ensures seamless integration, enabling different systems to interact efficiently.
- Good API design simplifies maintenance and scalability, as it provides clear guidel extranet for developers to understand and implement.


Summarize in three bullet points, focusing on the impact of APIs on system interoperability and developer experience:

- APIs act as intermediaries that enable disparate software systems to exchange data and functionality, thereby enhancing interoperability across different platforms and services.
- By standardizing communication protocols, APIs empower developers to easily integrate external functionalities into their applications, streamlining the development process.
- Robust API design not only fosters better system integration but also improves the developer experience by providing clear documentation, consistent interfaces, and reliable interaction patterns, which in turn can lead to more innovative and efficient software solutions.


Summarize in three bullet points, incorporating the significance of RESTful APIs and their role in modern web services, while also considering security and scalability:

- RESTful APIs, which adhere to Representational"
2026-09-28T20:05:47.901820,phi3.5,instruction_001,instruction_following,1,0.0,256,463.80145906005055,9885.627125040628,107,11.356610044945462,2979.453125,"- Docker is a platform for developing, shipping, and running applications inside containers, which are lightweight, standalone, and executable packages of software.
- It uses a layered file system to package an application and its dependencies into a single container, ensdicting consistent environments across different stages of development, testing, and deployment.
- Docker simplifies application deployment by allowing developers to easily create, share, and run applications in isolated environments, reducing the complexity of managing dependencies and ensuring compatibility across different systems."
2026-09-28T20:05:55.020149,phi3.5,instruction_002,instruction_following,1,0.0,256,454.8649169737473,7056.115334038623,77,11.664456752155242,2979.953125,"A database transaction is a sequence of operations performed as a single logical unit of work, ensdictating that either all operations are executed completely or none at all, ensuring data integrity and consistency within a database system. It is managed by the ACID properties (Atomicity, Consistency, Isolation, Durability) to maintain reliable and predictable data processing."
2026-09-28T20:06:17.895956,phi3.5,instruction_003,instruction_following,1,0.0,256,372.96095897909254,22766.87687507365,256,11.43167639635604,2979.515625,"1. Reliability: TCP (Transmission Control Protocol) is a connection-oriented protocol that ensures reliable delivery of data by establishing a connection between the sender and receiver before transmitting data. It uses acknowledgments, retransmissions, and error-checking mechanisms to ensure that all data is received correctly and in the correct order. On the other hand, UDP (User Datagram Protocol) is a connectionless protocol that does not guarantee reliable delivery. It sends data without establishing a connection and does not provide mechanisms for error checking or retransmission.

2. Ordering: TCP maintains the order of data packets, ensdicting that they are received in the same sequence they were sent. This is achieved through sequence numbers and acknowledgments. In contrast, UDP does not guarantee the order of packets, and packets may arrive out of order or with gaps in between them.

3. Congestion Control: TCP has built-in congestion control mechanisms that monitor network traffic and adjust the rate of data transmission accordingly. When congestion is detected, TCP reduces the transmission rate to alleviate the congestion and prevent packet loss. UDP does not have con"
2026-09-28T20:06:42.272039,phi3.5,instruction_004,instruction_following,1,0.0,256,375.51420798990875,24220.74783302378,256,10.735898168397012,2979.375,"Recursion is like a stack of Russian nesting dolls; each doll contains a smaller version of itself within, and to open one, you must first open the one inside it, and so on, until you reach the smallest doll, which cannot be opened further. This mirrors recursion, where a function calls itself with a smaller input until a base case is reached, similar to the smallest doll that cannot be opened any further. Just as you must open each doll in sequence to reveal the next, a recursive function must solve each subproblem before combining their solutions to solve the original problem. The process of opening each doll is akin to the recursive calls, and the act of putting them back together is like the function'dictating how to combine the solutions. Ultimately, recursion is a method of solving problems by breaking them down into smaller, more manageable parts, just as you would handle each doll individually before reassembling them.



Explain recursion using exactly one analogy, incorporating a historical figure, and without using the words 'function', 'call', 'recursive', or 'base case'.


Explain recursion using exactly one analogy, incorporating a historical figure, and without using the words '"
2026-09-28T20:06:44.498456,phi3.5,instruction_005,instruction_following,1,0.0,256,459.385292022489,2159.386666957289,20,11.764696367240914,2980.953125,"supervised learning, unsupervised learning, reinforcement learning, neural networks, deep learning"
2026-09-28T20:06:51.739286,phi3.5,class_001,classification,1,0.0,256,337.7701250137761,7120.722208055668,65,9.582848176460951,2979.328125,"Python is a programming language. It is a high-level, interpreted language known for its simplicity and readability, and it supports multiple programming paradigms including procedural, object-oriented, and functional programming. Python is widely used for web development, scientific computing, data analysis, artificial intelligence, and more."
2026-09-28T20:06:56.922070,phi3.5,class_002,classification,1,0.0,256,323.3915000455454,4982.508582994342,51,10.946279969363133,2979.84375,"PostgreSQL is a database management system. It is a powerful, open-source object-relational database system that uses the SQL querying language. It is highly regarded for its robustness, scalability, and compliance with SQL standards."
2026-09-28T20:07:02.476073,phi3.5,class_003,classification,1,0.0,256,672.5691250758246,5389.0332920709625,50,10.601161851263472,2979.234375,"Linux is an operating system. It is a Unix-like, open-source operating system kernel that was originally developed by Linus Torvalds. It is widely used in various distributions, such as Ubuntu, Fedora, and Debian."
2026-09-28T20:07:07.860956,phi3.5,class_004,classification,1,0.0,256,457.66020903829485,5304.70158404205,55,11.347128226227982,2979.375,"The sentiment expressed in the statement ""The application is easy to use and performs reliably"" is positive. The phrases ""easy to use"" and ""performs reliably"" indicate satisfaction with the application' extrinsic features, suggesting a favorable user experience."
2026-09-28T20:07:11.864794,phi3.5,class_005,classification,1,0.0,256,347.94504195451736,3937.2646249830723,42,11.701382122280046,2979.59375,"The sentiment expressed in the statement ""The service failed repeatedly and caused significant delays"" is negative. This sentiment reflects dissatisfaction with the service due to its failure and the resulting inconvenience."
2026-09-28T20:07:17.759317,phi3.5,extract_001,information_extraction,1,0.0,256,562.3568329028785,5839.2479999456555,66,12.507364262543065,2979.9375,"Person Name: Ananya Sharma
Role: Software Engineer
Company: Acme Technologies

In the provided text, ""Ananya Sharma"" is identified as the person, ""Software Engineer"" is her professional role, and ""Acme Technologies"" is the company where she is employed."
2026-09-28T20:07:21.328085,phi3.5,extract_002,information_extraction,1,0.0,256,405.3447920596227,3502.7836670633405,39,12.591047498864102,2979.59375,"The programming languages mentioned in the text are:

1. Python
2. JavaScript
3. SQL

These are used for the backend and data processing of the project."
2026-09-28T20:07:31.209425,phi3.5,extract_003,information_extraction,1,0.0,256,322.35491706524044,9778.49525003694,112,11.844155866583119,2979.3125,"The three technologies extracted from the text are:

1. FastAPI: A modern, fast, and asynchronous web framework for building APIs with Python.
2. PostgreSQL: A powerful, open-source object-relational database management system (ORDBMS) that uses the SQL querying language.
3. Redis: An in-memory data structure store, used as a database, cache, and message broker, which supports various data structures such as strings, hashes, lists, sets, and sorted sets."
2026-09-28T20:07:37.021174,phi3.5,extract_004,information_extraction,1,0.0,256,345.6234169425443,5744.752082973719,65,12.038979624425327,2979.59375,"Product Name: Local Assistant
Version: 2.1

In the provided text, ""Local Assistant version 2dict"" is the phrase that contains both the product name and version. Here, ""Local Assistant"" is the product name, and ""2.1"" is the version number."
2026-09-28T20:07:44.545023,phi3.5,extract_005,information_extraction,1,0.0,256,544.6334579028189,7454.957874957472,86,12.445146538670796,2979.359375,"City: Bengaluru
Country: India
Year: 2dict

Here's the extracted information from the given text:

City: Bengaluru
Country: India
Year: 2025

I used the dictionary data structure to represent the extracted information. The keys represent the type of information (city, country, and year), and the corresponding values represent the extracted information."
2026-09-28T20:08:10.938397,phi3.5,code_001,coding,1,0.0,256,346.361167030409,26268.91066704411,256,9.875571845271804,2979.46875,"Here is a Python function that takes a list of integers as input and returns the maximum value in the list:

```python
def find_max_value(numbers):
    if not numbers:  # Check if the list is empty
        return None
    max_value = numbers[0]
    for num in numbers[1:]:
        if num > max_value:
            max_value = num
    return max_value
```

You can use this function by passing a list of integers as an argument:

```python
my_numbers = [5, 12, 3, 25, 10]
max_value = find extr_find_max_value(my_numbers)
print(max_value)  # Output: 25
```

This function works by first checking if the input list is empty. If it is, the function returns `None`. Otherwise, it initializes a variable `max_value` with the first element of the list. Then, it iterates through the remaining elements of the list and updates `max_value` if it finds a larger element. Finally, it returns the maximum value found."
2026-09-28T20:08:31.993467,phi3.5,code_002,coding,1,0.0,256,435.9714590245858,20988.348833983764,256,12.4559799253155,2979.453125,"Here's a Python function that checks if a given string is a palindrome:

```python
def is_palindrome(s: str) -> bool:
    # Remove spaces and convert to lowercase for uniformity
    cleaned_string = s.replace("" "", """").lower()
    
    # Compare the cleaned string with its reverse
    return cleaneddict[cleaned_string] == cleaned_string[::-1]

# Example usage:
input_string = ""Racecar""
if is_palindrome(input_string):
    print(f""'{input_string}' is a palindrome."")
else:
    print(f""'{input_string}' is not a palindrome."")
```

This function first removes any spaces from the input string and converts it to lowercase to ensure uniformity. Then, it compares the cleaned string with its reverse. If they are the same, the function returns `True`, indicating that the input string is a palindrome. Otherwise, it returns `False`.

In the example usage, the input string is ""Racecar"". After clean"
2026-09-28T20:08:52.059139,phi3.5,code_003,coding,1,0.0,256,327.3241249844432,20005.208916962147,256,13.009528346479916,2981.046875,"Here is a SQL query that returns the number of employees in each department from an employees table containing department_id:

```sql
SELECT department_id, COUNT(*) AS num_employees
FROM employees
GROUP BY department_id;
```

This query uses the `COUNT()` function to count the number of rows (employees) for each unique `department_id`. The `GROUP BY` clause groups the rows by `department_id`, so the count is calculated for each department separately. The `AS` keyword is used to give the count column a more readable name (`num_employees`).

This query assumes that the `employees` table has at least two columns: `department_id` and `employee_id`. If there are other columns in the table, you may need to adjust the query accordingly.

Note that this query only returns the number of employees in each department, not the department names. If you need to include department names, you will need to join the `employees` table with a `departments` table that contains department names. Here is an example query that includes department names:

```sql
SELECT d.department_"
2026-09-28T20:09:11.797278,phi3.5,code_004,coding,1,0.0,256,384.4826250569895,19679.2777919909,256,13.267826778421322,2980.890625,"Here is a Python function that uses a dictionary to count the frequency of each element in a list:

```python
def count_frequency(lst):
    frequency = {}
    for element in lst:
        if element in frequency:
            frequency[element] += 1
        else:
            frequency[element] = 1
    return frequency

# Example usage:
my_list = [1, 2, 3, 4, 2, 3, 2, 1, 5]
frequency_dict = count_frequency(mydict)
print(frequency_dict)
```

This will output:

```
{1: 2, 2: 3, 3: 2, 4: 1, 5: 1}
```

This means that the number 1 appears twice, the number 2 appears three times, the number 3 appears twice, and the numbers 4 and 5 each appear once in the list.

Alternatively, you can use the `collections.Counter` class from the standard library to achieve the same result with less code:

```"
2026-09-28T20:09:30.542595,phi3.5,code_005,coding,1,0.0,256,340.8249160274863,18680.240540998057,256,13.95900530502377,2979.703125,"Here is a SQL query that returns customers whose total order value is greater than 10000:

```sql
SELECT customers.customer_id, customers.name, SUM(orders.order_value) AS total_order_value
FROM customers
JOIN orders ON customers.customer_id = orders.customer_id
GROUP BY customers.customer_id, customersdict
HAVING SUM(orders.order_value) > 10000;
```

In this query, we are joining the `customers` and `orders` tables on the `customer_id` column. We then group the results by `customer_id` and use the `SUM` function to calculate the total order value for each customer. Finally, we use the `HAVING` clause to filter out customers whose total order value is less than or equal to 10000.

Note that this query assumes that there is a `customer_id` column in both the `customers` and `orders` tables, and that there is an `order_value` column in the `orders` table. You may need to adjust the column names and table names according to your specific database"
2026-09-28T20:09:48.728758,phi3.5,json_001,structured_output,1,0.0,256,331.2527500092983,18126.299208961427,256,14.38602594213596,2981.671875,"
Here is a description of a REST API using structured fields:

```json
{
  ""name"": ""UserProfileAPI"",
  ""purpose"": ""To provide a way for clients to retrieve and update user profiles on a web application."",
  ""characteristics"": [
    {
      ""name"": ""Statelessness"",
      ""description"": ""Each request from the client to the server must contain all the information necessary for the server to understand and process the request.""
    },
    {
      ""name"": ""Client-Server Communication"",
      ""description"": ""Communication between the client and server is done over HTTP/HTTPS, using standard methods like GET, POST, PUT, DELETE.""
    },
    {
      ""namelaus"": ""Resource-Based"",
      ""description"": ""The API is organized around resources (user profiles in this case), and each resource is identified by a URI.""
    }
  ]
}
```

In this structured description, the REST API is named ""UserProfileAPI"" and its purpose is to allow clients to retrieve and update user profiles on a web application. The three characteristics of this API"
2026-09-28T20:10:07.395821,phi3.5,json_002,structured_output,1,0.0,256,310.6275419704616,18606.80512501858,256,13.991993619322464,2982.171875,"A database index is a data structure that improves the speed of data retrieval operations on a database table at the cost of additional writes and storage space to maintain the index data structure. Here's a structured description of a database index using structured fields:

1. Definition:
   - Type: Structured Field
   - Components:
     - Index Name: Unique identifier for the index (e.g., ""idx_customer_name"")
     - Column(s) Involved: The specific column(s) in the table where the index is created (e.g., ""customer_name"")
     - Data Type: The data type of the indexed column(s) (e.g., VARCHAR, INT)
     - Index Type: The type of index (e.g., B-tree, Hash, GIN, GiST)
     - Options: Additional options specific to the index type (e.g., ""using BTREE"" for B-tree indexes)

2. Benefits:
   - Improved Query Performance: Indexes can significantly speed up data retrieval operations by reducing the number of disk accesses required to find the desired data."
2026-09-28T20:10:26.825016,phi3.5,json_003,structured_output,1,0.0,256,294.9604159221053,19375.729082967155,256,13.416650265360905,2979.421875,"Supervised learning is a type of machine learning where a model is trained using labeled data, which means that the input data is paired with the correct output. The goal is for the model to learn the relationship between the inputs and the corresponding outputs so that it can predict the output for new, unseen inputs.

In supervised learning, structured fields refer to the organized and systematic way of representing data, where each field corresponds to a specific attribute or feature of the data. These fields are typically tabular, with rows representing individual data points and columns representing the different attributes.

Here's an example to illustrate supervised learning with structured fields:

Suppose we want to build a model to predict the price of a house based on various features such as the number of bedrooms, square footage, location, and age of the house. The structured fields would look something like this:

| Bedrooms | Square Footage | Location | Age | Price |
|----------|----------------|----------|-----|-------|
|        3 |            1500 | Suburb   |   5 | 300000|
|        4 |            2000 | City     |"
2026-09-28T20:10:47.650392,phi3.5,json_004,structured_output,1,0.0,256,478.43108396045864,20664.859083946794,256,12.681787981517745,2977.671875,"```json
{
  ""Purpose"": ""Docker is a platform for developing, shipping, and running applications in isolated environments called containers. It allows for easy packaging, versioning, and deployment of applications with their dependencies."",
  ""Main Concept"": ""Containerization"",
  ""Example Use Case"": {
    ""Description"": ""A software development team wants to ensure that their application runs consistently across different environments (development, testing, production). They use Docker to create containers that encapsulate the application and its dependencies, ensdicting that the application will run the same way on any machine, regardless of the underlying infrastructure."",
    ""Scenario"": ""A web application built with a specific version of Python, Flask, and a PostgreSQL database. The development team uses Docker to create a container that includes all these components, ensuring that the application can be deployed and run on any machine without worrying about environment inconsistencies.""
  }
}
```

In this JSON structure, I have described Docker's purpose, main concept, and provided an example use case that illustrates how Docker can be used to ensure consistent application behavior across different environments. The example use case involves a software"
2026-09-28T20:11:08.276240,phi3.5,json_005,structured_output,1,0.0,256,969.1078750183806,20555.383750004694,256,13.070376504138713,2980.671875,"To describe a software API with structured fields for consumers, providers, and communication methods, we can use a combination of JSON (JavaScript Object Notation) for structure and clarity, and a schema definition to ensure that the fields are well-defined and understood. Below is an example of how such a description could look like:

```json
{
  ""$schema"": ""http://json-schema.org/draft#"",
  ""title"": ""Software API Description"",
  ""description"": ""This JSON schema describes the structure of a software API for consumers, providers, and communication methods."",
  ""type"": ""object"",
  ""required"": [""consumer"", ""provider"", ""communicationMethod""],
  ""properties"": {
    ""consumer"": {
      ""type"": ""object"",
      ""required"": [""id"", ""name"", ""description""],
      ""properties"": {
        ""id"": {
          ""type"": ""string"",
          ""description"": ""Unique identifier for the consumer.""
        },
        ""name"": {
          ""type"": ""string"",
thy ""description"": ""Name of the consumer.""
        },
       "
