model,category,scored_prompts,mean_quality_score,quality_percentage
llama3.2:3b,classification,5,1.6,80.0
llama3.2:3b,coding,5,2.0,100.0
llama3.2:3b,factual,5,2.0,100.0
llama3.2:3b,information_extraction,5,2.0,100.0
llama3.2:3b,instruction_following,5,2.0,100.0
llama3.2:3b,reasoning,5,1.733,86.67
llama3.2:3b,structured_output,5,2.0,100.0
llama3.2:3b,summarization,5,1.867,93.33
mistral:7b,classification,5,2.0,100.0
mistral:7b,coding,5,2.0,100.0
mistral:7b,factual,5,2.0,100.0
mistral:7b,information_extraction,5,2.0,100.0
mistral:7b,instruction_following,5,2.0,100.0
mistral:7b,reasoning,5,2.0,100.0
mistral:7b,structured_output,5,2.0,100.0
mistral:7b,summarization,5,2.0,100.0
phi3.5,classification,5,2.0,100.0
phi3.5,coding,5,2.0,100.0
phi3.5,factual,5,2.0,100.0
phi3.5,information_extraction,5,2.0,100.0
phi3.5,instruction_following,5,2.0,100.0
phi3.5,reasoning,5,2.0,100.0
phi3.5,structured_output,5,1.333,66.66
phi3.5,summarization,5,2.0,100.0
